Port,Mode,AllowedVlan,AccessVlan,Status,Speed
topology/pod-1/node-101/sys/phys-[eth1/33]/phys,trunk,,vlan-1,down,10G
topology/pod-1/node-101/sys/phys-[eth1/34]/phys,trunk,,vlan-1,down,10G
topology/pod-1/node-101/sys/phys-[eth1/1]/phys,trunk,,vlan-1,up,100G
topology/pod-1/node-101/sys/phys-[eth1/2]/phys,trunk,,vlan-1,up,100G
topology/pod-1/node-101/sys/phys-[eth1/3]/phys,trunk,,vlan-1,down,100G
topology/pod-1/node-101/sys/phys-[eth1/4]/phys,trunk,,vlan-1,down,100G
topology/pod-1/node-101/sys/phys-[eth1/5]/phys,trunk,,vlan-1,down,100G
topology/pod-1/node-101/sys/phys-[eth1/6]/phys,trunk,,vlan-1,down,100G
topology/pod-1/node-101/sys/phys-[eth1/7]/phys,trunk,,vlan-1,up,100G
topology/pod-1/node-101/sys/phys-[eth1/8]/phys,trunk,,vlan-1,up,100G
topology/pod-1/node-101/sys/phys-[eth1/9]/phys,trunk,,vlan-1,up,100G
topology/pod-1/node-101/sys/phys-[eth1/10]/phys,trunk,,vlan-1,up,100G
topology/pod-1/node-101/sys/phys-[eth1/11]/phys,trunk,,vlan-1,up,100G
topology/pod-1/node-101/sys/phys-[eth1/12]/phys,trunk,,vlan-1,up,100G
topology/pod-1/node-101/sys/phys-[eth1/13]/phys,trunk,,vlan-1,up,100G
topology/pod-1/node-101/sys/phys-[eth1/14]/phys,trunk,,vlan-1,up,100G
topology/pod-1/node-101/sys/phys-[eth1/15]/phys,trunk,,vlan-1,up,100G
topology/pod-1/node-101/sys/phys-[eth1/16]/phys,trunk,,vlan-1,up,100G
topology/pod-1/node-101/sys/phys-[eth1/17]/phys,trunk,,vlan-1,up,100G
topology/pod-1/node-101/sys/phys-[eth1/18]/phys,trunk,,vlan-1,up,100G
topology/pod-1/node-101/sys/phys-[eth1/19]/phys,trunk,,vlan-1,up,100G
topology/pod-1/node-101/sys/phys-[eth1/20]/phys,trunk,,vlan-1,up,100G
topology/pod-1/node-101/sys/phys-[eth1/21]/phys,trunk,,vlan-1,up,100G
topology/pod-1/node-101/sys/phys-[eth1/22]/phys,trunk,,vlan-1,up,100G
topology/pod-1/node-101/sys/phys-[eth1/23]/phys,trunk,,vlan-1,up,100G
topology/pod-1/node-101/sys/phys-[eth1/24]/phys,trunk,,vlan-1,up,100G
topology/pod-1/node-101/sys/phys-[eth1/25]/phys,trunk,,vlan-1,up,100G
topology/pod-1/node-101/sys/phys-[eth1/26]/phys,trunk,,vlan-1,up,100G
topology/pod-1/node-101/sys/phys-[eth1/27]/phys,trunk,,vlan-1,down,100G
topology/pod-1/node-101/sys/phys-[eth1/28]/phys,trunk,,vlan-1,down,100G
topology/pod-1/node-101/sys/phys-[eth1/29]/phys,trunk,,vlan-1,down,100G
topology/pod-1/node-101/sys/phys-[eth1/30]/phys,trunk,,vlan-1,down,100G
topology/pod-1/node-101/sys/phys-[eth1/31]/phys,trunk,,vlan-1,up,100G
topology/pod-1/node-101/sys/phys-[eth1/32]/phys,trunk,,vlan-1,up,100G
topology/pod-1/node-102/sys/phys-[eth1/33]/phys,trunk,,vlan-1,down,10G
topology/pod-1/node-102/sys/phys-[eth1/34]/phys,trunk,,vlan-1,down,10G
topology/pod-1/node-102/sys/phys-[eth1/1]/phys,trunk,,vlan-1,up,100G
topology/pod-1/node-102/sys/phys-[eth1/2]/phys,trunk,,vlan-1,up,100G
topology/pod-1/node-102/sys/phys-[eth1/3]/phys,trunk,,vlan-1,down,100G
topology/pod-1/node-102/sys/phys-[eth1/4]/phys,trunk,,vlan-1,down,100G
topology/pod-1/node-102/sys/phys-[eth1/5]/phys,trunk,,vlan-1,down,100G
topology/pod-1/node-102/sys/phys-[eth1/6]/phys,trunk,,vlan-1,down,100G
topology/pod-1/node-102/sys/phys-[eth1/7]/phys,trunk,,vlan-1,up,100G
topology/pod-1/node-102/sys/phys-[eth1/8]/phys,trunk,,vlan-1,up,100G
topology/pod-1/node-102/sys/phys-[eth1/9]/phys,trunk,,vlan-1,up,100G
topology/pod-1/node-102/sys/phys-[eth1/10]/phys,trunk,,vlan-1,up,100G
topology/pod-1/node-102/sys/phys-[eth1/11]/phys,trunk,,vlan-1,up,100G
topology/pod-1/node-102/sys/phys-[eth1/12]/phys,trunk,,vlan-1,up,100G
topology/pod-1/node-102/sys/phys-[eth1/13]/phys,trunk,,vlan-1,up,100G
topology/pod-1/node-102/sys/phys-[eth1/14]/phys,trunk,,vlan-1,up,100G
topology/pod-1/node-102/sys/phys-[eth1/15]/phys,trunk,,vlan-1,up,100G
topology/pod-1/node-102/sys/phys-[eth1/16]/phys,trunk,,vlan-1,up,100G
topology/pod-1/node-102/sys/phys-[eth1/17]/phys,trunk,,vlan-1,up,100G
topology/pod-1/node-102/sys/phys-[eth1/18]/phys,trunk,,vlan-1,up,100G
topology/pod-1/node-102/sys/phys-[eth1/19]/phys,trunk,,vlan-1,up,100G
topology/pod-1/node-102/sys/phys-[eth1/20]/phys,trunk,,vlan-1,up,100G
topology/pod-1/node-102/sys/phys-[eth1/21]/phys,trunk,,vlan-1,up,100G
topology/pod-1/node-102/sys/phys-[eth1/22]/phys,trunk,,vlan-1,up,100G
topology/pod-1/node-102/sys/phys-[eth1/23]/phys,trunk,,vlan-1,up,100G
topology/pod-1/node-102/sys/phys-[eth1/24]/phys,trunk,,vlan-1,up,100G
topology/pod-1/node-102/sys/phys-[eth1/25]/phys,trunk,,vlan-1,up,100G
topology/pod-1/node-102/sys/phys-[eth1/26]/phys,trunk,,vlan-1,up,100G
topology/pod-1/node-102/sys/phys-[eth1/27]/phys,trunk,,vlan-1,down,100G
topology/pod-1/node-102/sys/phys-[eth1/28]/phys,trunk,,vlan-1,down,100G
topology/pod-1/node-102/sys/phys-[eth1/29]/phys,trunk,,vlan-1,down,100G
topology/pod-1/node-102/sys/phys-[eth1/30]/phys,trunk,,vlan-1,down,100G
topology/pod-1/node-102/sys/phys-[eth1/31]/phys,trunk,,vlan-1,up,100G
topology/pod-1/node-102/sys/phys-[eth1/32]/phys,trunk,,vlan-1,up,100G
topology/pod-1/node-1101/sys/phys-[eth1/33]/phys,trunk,,unknown,down,25G
topology/pod-1/node-1101/sys/phys-[eth1/34]/phys,trunk,,unknown,down,25G
topology/pod-1/node-1101/sys/phys-[eth1/35]/phys,trunk,,unknown,down,25G
topology/pod-1/node-1101/sys/phys-[eth1/36]/phys,trunk,,unknown,down,25G
topology/pod-1/node-1101/sys/phys-[eth1/37]/phys,trunk,,unknown,down,25G
topology/pod-1/node-1101/sys/phys-[eth1/38]/phys,trunk,,unknown,down,25G
topology/pod-1/node-1101/sys/phys-[eth1/39]/phys,trunk,,unknown,down,25G
topology/pod-1/node-1101/sys/phys-[eth1/40]/phys,trunk,,unknown,down,25G
topology/pod-1/node-1101/sys/phys-[eth1/41]/phys,trunk,,unknown,down,25G
topology/pod-1/node-1101/sys/phys-[eth1/42]/phys,trunk,,unknown,down,25G
topology/pod-1/node-1101/sys/phys-[eth1/43]/phys,trunk,,unknown,down,25G
topology/pod-1/node-1101/sys/phys-[eth1/44]/phys,trunk,,unknown,down,25G
topology/pod-1/node-1101/sys/phys-[eth1/45]/phys,trunk,,unknown,down,25G
topology/pod-1/node-1101/sys/phys-[eth1/46]/phys,trunk,,unknown,down,25G
topology/pod-1/node-1101/sys/phys-[eth1/47]/phys,trunk,,unknown,down,25G
topology/pod-1/node-1101/sys/phys-[eth1/48]/phys,trunk,,unknown,down,25G
topology/pod-1/node-1101/sys/phys-[eth1/49]/phys,trunk,"63,82,129-130,176,233,266",vlan-176,up,100G
topology/pod-1/node-1101/sys/phys-[eth1/50]/phys,trunk,"63,82,129-130,176,233,266",vlan-176,up,100G
topology/pod-1/node-1101/sys/phys-[eth1/51]/phys,trunk,,vlan-1,down,100G
topology/pod-1/node-1101/sys/phys-[eth1/52]/phys,trunk,,vlan-1,down,100G
topology/pod-1/node-1101/sys/phys-[eth1/53]/phys,trunk,,vlan-1,up,100G
topology/pod-1/node-1101/sys/phys-[eth1/54]/phys,trunk,,vlan-1,up,100G
topology/pod-1/node-1101/sys/phys-[eth1/1]/phys,trunk,"15,20-22,48,75,78,89,106,111-113,126,145,188,242-243,247-248",vlan-242,down,10G
topology/pod-1/node-1101/sys/phys-[eth1/2]/phys,trunk,"15,20-22,48,75,78,89,106,111-113,126,145,188,242-243,247-248",vlan-242,down,10G
topology/pod-1/node-1101/sys/phys-[eth1/3]/phys,trunk,"16,19,27,30,43-47,49,65,68,79,103,121,123,125,127,180,191-192,194-198,205,220-231,238",vlan-227,down,10G
topology/pod-1/node-1101/sys/phys-[eth1/4]/phys,trunk,"16,19,27,30,43-47,49,65,68,79,103,121,123,125,127,180,191-192,194-198,205,220-231,238",vlan-227,down,10G
topology/pod-1/node-1101/sys/phys-[eth1/5]/phys,trunk,"6,23,74,76-77,80,104-105,177,179,187,239,244,249-250",vlan-179,down,10G
topology/pod-1/node-1101/sys/phys-[eth1/6]/phys,trunk,"6,23,74,76-77,80,104-105,177,179,187,239,244,249-250",vlan-179,down,10G
topology/pod-1/node-1101/sys/phys-[eth1/7]/phys,trunk,"3,50,52-57,59,70-71,83-85,88,90,98-102,107,110,119,128,138,154-155,172-173,178,181-182,200-203,207-214,216-218,232,234-235",vlan-202,down,10G
topology/pod-1/node-1101/sys/phys-[eth1/8]/phys,trunk,"3,50,52-57,59,70-71,83-85,88,90,98-102,107,110,119,128,138,154-155,172-173,178,181-182,200-203,207-214,216-218,232,234-235",vlan-202,down,10G
topology/pod-1/node-1101/sys/phys-[eth1/9]/phys,trunk,,unknown,down,10G
topology/pod-1/node-1101/sys/phys-[eth1/10]/phys,trunk,,unknown,down,10G
topology/pod-1/node-1101/sys/phys-[eth1/11]/phys,trunk,,unknown,down,10G
topology/pod-1/node-1101/sys/phys-[eth1/12]/phys,trunk,,unknown,down,10G
topology/pod-1/node-1101/sys/phys-[eth1/13]/phys,trunk,,unknown,down,10G
topology/pod-1/node-1101/sys/phys-[eth1/14]/phys,trunk,,unknown,down,10G
topology/pod-1/node-1101/sys/phys-[eth1/15]/phys,trunk,,unknown,down,10G
topology/pod-1/node-1101/sys/phys-[eth1/16]/phys,trunk,,unknown,down,10G
topology/pod-1/node-1101/sys/phys-[eth1/17]/phys,trunk,,unknown,down,10G
topology/pod-1/node-1101/sys/phys-[eth1/18]/phys,trunk,,unknown,down,10G
topology/pod-1/node-1101/sys/phys-[eth1/19]/phys,trunk,,unknown,down,10G
topology/pod-1/node-1101/sys/phys-[eth1/20]/phys,trunk,,unknown,down,10G
topology/pod-1/node-1101/sys/phys-[eth1/21]/phys,trunk,,unknown,down,10G
topology/pod-1/node-1101/sys/phys-[eth1/22]/phys,trunk,,unknown,down,10G
topology/pod-1/node-1101/sys/phys-[eth1/23]/phys,trunk,"3-35,38-62,64-81,83-107,110-128,131-174,177-203,205,207-214,216-218,220-232,234-235,238-242,244-254,257-260",vlan-242,up,10G
topology/pod-1/node-1101/sys/phys-[eth1/24]/phys,trunk,"3-35,38-62,64-81,83-107,110-128,131-174,177-203,205,207-214,216-218,220-232,234-235,238-242,244-254,257-260",vlan-242,up,10G
topology/pod-1/node-1101/sys/phys-[eth1/25]/phys,trunk,236-237,vlan-237,up,1G
topology/pod-1/node-1101/sys/phys-[eth1/26]/phys,trunk,236-237,vlan-237,up,1G
topology/pod-1/node-1101/sys/phys-[eth1/27]/phys,trunk,236-237,vlan-237,up,1G
topology/pod-1/node-1101/sys/phys-[eth1/28]/phys,trunk,236-237,vlan-237,up,1G
topology/pod-1/node-1101/sys/phys-[eth1/29]/phys,trunk,,unknown,down,25G
topology/pod-1/node-1101/sys/phys-[eth1/30]/phys,trunk,,unknown,down,25G
topology/pod-1/node-1101/sys/phys-[eth1/31]/phys,trunk,,unknown,down,25G
topology/pod-1/node-1101/sys/phys-[eth1/32]/phys,trunk,,unknown,down,25G
topology/pod-1/node-1102/sys/phys-[eth1/33]/phys,trunk,,unknown,down,25G
topology/pod-1/node-1102/sys/phys-[eth1/34]/phys,trunk,,unknown,down,25G
topology/pod-1/node-1102/sys/phys-[eth1/35]/phys,trunk,,unknown,down,25G
topology/pod-1/node-1102/sys/phys-[eth1/36]/phys,trunk,,unknown,down,25G
topology/pod-1/node-1102/sys/phys-[eth1/37]/phys,trunk,,unknown,down,25G
topology/pod-1/node-1102/sys/phys-[eth1/38]/phys,trunk,,unknown,down,25G
topology/pod-1/node-1102/sys/phys-[eth1/39]/phys,trunk,,unknown,down,25G
topology/pod-1/node-1102/sys/phys-[eth1/40]/phys,trunk,,unknown,down,25G
topology/pod-1/node-1102/sys/phys-[eth1/41]/phys,trunk,,unknown,down,25G
topology/pod-1/node-1102/sys/phys-[eth1/42]/phys,trunk,,unknown,down,25G
topology/pod-1/node-1102/sys/phys-[eth1/43]/phys,trunk,,unknown,down,25G
topology/pod-1/node-1102/sys/phys-[eth1/44]/phys,trunk,,unknown,down,25G
topology/pod-1/node-1102/sys/phys-[eth1/45]/phys,trunk,,unknown,down,25G
topology/pod-1/node-1102/sys/phys-[eth1/46]/phys,trunk,,unknown,down,25G
topology/pod-1/node-1102/sys/phys-[eth1/47]/phys,trunk,,unknown,down,25G
topology/pod-1/node-1102/sys/phys-[eth1/48]/phys,trunk,,unknown,down,25G
topology/pod-1/node-1102/sys/phys-[eth1/49]/phys,trunk,"14,20,64,83,206,232,263",vlan-206,up,100G
topology/pod-1/node-1102/sys/phys-[eth1/50]/phys,trunk,"14,20,64,83,206,232,263",vlan-206,up,100G
topology/pod-1/node-1102/sys/phys-[eth1/51]/phys,trunk,,vlan-1,down,100G
topology/pod-1/node-1102/sys/phys-[eth1/52]/phys,trunk,,vlan-1,down,100G
topology/pod-1/node-1102/sys/phys-[eth1/53]/phys,trunk,,vlan-1,up,100G
topology/pod-1/node-1102/sys/phys-[eth1/54]/phys,trunk,,vlan-1,up,100G
topology/pod-1/node-1102/sys/phys-[eth1/1]/phys,trunk,"9,12,15-16,48-49,51-53,73,89,98,117,146,188,242-243,247-248",vlan-242,down,10G
topology/pod-1/node-1102/sys/phys-[eth1/2]/phys,trunk,"9,12,15-16,48-49,51-53,73,89,98,117,146,188,242-243,247-248",vlan-242,down,10G
topology/pod-1/node-1102/sys/phys-[eth1/3]/phys,trunk,"6,13,22,27,29-30,32-33,37,62,67,75-81,180,191-192,194-198,205,220-231,238",vlan-227,down,10G
topology/pod-1/node-1102/sys/phys-[eth1/4]/phys,trunk,"6,13,22,27,29-30,32-33,37,62,67,75-81,180,191-192,194-198,205,220-231,238",vlan-227,down,10G
topology/pod-1/node-1102/sys/phys-[eth1/5]/phys,trunk,"7-8,11,54,88,91,119,122,177,179,187,239,244,249-250",vlan-179,down,10G
topology/pod-1/node-1102/sys/phys-[eth1/6]/phys,trunk,"7-8,11,54,88,91,119,122,177,179,187,239,244,249-250",vlan-179,down,10G
topology/pod-1/node-1102/sys/phys-[eth1/7]/phys,trunk,"3-5,10,25,31,38-41,45,47,84-87,90,92-96,110,118,121,138,154-155,172-173,178,181-182,200-203,207-214,216-218,233-235",vlan-202,down,10G
topology/pod-1/node-1102/sys/phys-[eth1/8]/phys,trunk,"3-5,10,25,31,38-41,45,47,84-87,90,92-96,110,118,121,138,154-155,172-173,178,181-182,200-203,207-214,216-218,233-235",vlan-202,down,10G
topology/pod-1/node-1102/sys/phys-[eth1/9]/phys,trunk,,unknown,down,10G
topology/pod-1/node-1102/sys/phys-[eth1/10]/phys,trunk,,unknown,down,10G
topology/pod-1/node-1102/sys/phys-[eth1/11]/phys,trunk,,unknown,down,10G
topology/pod-1/node-1102/sys/phys-[eth1/12]/phys,trunk,,unknown,down,10G
topology/pod-1/node-1102/sys/phys-[eth1/13]/phys,trunk,,unknown,down,10G
topology/pod-1/node-1102/sys/phys-[eth1/14]/phys,trunk,,unknown,down,10G
topology/pod-1/node-1102/sys/phys-[eth1/15]/phys,trunk,,unknown,down,10G
topology/pod-1/node-1102/sys/phys-[eth1/16]/phys,trunk,,unknown,down,10G
topology/pod-1/node-1102/sys/phys-[eth1/17]/phys,trunk,,unknown,down,10G
topology/pod-1/node-1102/sys/phys-[eth1/18]/phys,trunk,,unknown,down,10G
topology/pod-1/node-1102/sys/phys-[eth1/19]/phys,trunk,,unknown,down,10G
topology/pod-1/node-1102/sys/phys-[eth1/20]/phys,trunk,,unknown,down,10G
topology/pod-1/node-1102/sys/phys-[eth1/21]/phys,trunk,,unknown,down,10G
topology/pod-1/node-1102/sys/phys-[eth1/22]/phys,trunk,,unknown,down,10G
topology/pod-1/node-1102/sys/phys-[eth1/23]/phys,trunk,"3-13,15-19,21-62,66-82,84-104,107-203,205,207-214,216-218,220-231,233-235,238-242,244-254,260-261",vlan-242,up,10G
topology/pod-1/node-1102/sys/phys-[eth1/24]/phys,trunk,"3-13,15-19,21-62,66-82,84-104,107-203,205,207-214,216-218,220-231,233-235,238-242,244-254,260-261",vlan-242,up,10G
topology/pod-1/node-1102/sys/phys-[eth1/25]/phys,trunk,256-257,vlan-257,up,1G
topology/pod-1/node-1102/sys/phys-[eth1/26]/phys,trunk,256-257,vlan-257,up,1G
topology/pod-1/node-1102/sys/phys-[eth1/27]/phys,trunk,256-257,vlan-257,up,1G
topology/pod-1/node-1102/sys/phys-[eth1/28]/phys,trunk,256-257,vlan-257,up,1G
topology/pod-1/node-1102/sys/phys-[eth1/29]/phys,trunk,,unknown,down,25G
topology/pod-1/node-1102/sys/phys-[eth1/30]/phys,trunk,,unknown,down,25G
topology/pod-1/node-1102/sys/phys-[eth1/31]/phys,trunk,,unknown,down,25G
topology/pod-1/node-1102/sys/phys-[eth1/32]/phys,trunk,,unknown,down,25G
topology/pod-1/node-1103/sys/phys-[eth1/33]/phys,trunk,,unknown,down,10G
topology/pod-1/node-1103/sys/phys-[eth1/34]/phys,trunk,,unknown,down,10G
topology/pod-1/node-1103/sys/phys-[eth1/35]/phys,trunk,,unknown,down,10G
topology/pod-1/node-1103/sys/phys-[eth1/36]/phys,trunk,,unknown,down,10G
topology/pod-1/node-1103/sys/phys-[eth1/37]/phys,trunk,,unknown,down,10G
topology/pod-1/node-1103/sys/phys-[eth1/38]/phys,trunk,,unknown,down,10G
topology/pod-1/node-1103/sys/phys-[eth1/39]/phys,trunk,,unknown,down,10G
topology/pod-1/node-1103/sys/phys-[eth1/40]/phys,trunk,,unknown,down,10G
topology/pod-1/node-1103/sys/phys-[eth1/41]/phys,trunk,,unknown,down,10G
topology/pod-1/node-1103/sys/phys-[eth1/42]/phys,trunk,,unknown,down,10G
topology/pod-1/node-1103/sys/phys-[eth1/43]/phys,trunk,,unknown,down,10G
topology/pod-1/node-1103/sys/phys-[eth1/44]/phys,trunk,,unknown,down,10G
topology/pod-1/node-1103/sys/phys-[eth1/45]/phys,trunk,,unknown,down,10G
topology/pod-1/node-1103/sys/phys-[eth1/46]/phys,trunk,,unknown,down,10G
topology/pod-1/node-1103/sys/phys-[eth1/47]/phys,trunk,,unknown,down,10G
topology/pod-1/node-1103/sys/phys-[eth1/48]/phys,trunk,,unknown,down,10G
topology/pod-1/node-1103/sys/phys-[eth1/49]/phys,trunk,,vlan-1,down,100G
topology/pod-1/node-1103/sys/phys-[eth1/50]/phys,trunk,,vlan-1,down,100G
topology/pod-1/node-1103/sys/phys-[eth1/51]/phys,trunk,,vlan-1,down,100G
topology/pod-1/node-1103/sys/phys-[eth1/52]/phys,trunk,,vlan-1,down,100G
topology/pod-1/node-1103/sys/phys-[eth1/53]/phys,trunk,,vlan-1,up,100G
topology/pod-1/node-1103/sys/phys-[eth1/54]/phys,trunk,,vlan-1,up,100G
topology/pod-1/node-1103/sys/phys-[eth1/1]/phys,trunk,7,unknown,up,10G
topology/pod-1/node-1103/sys/phys-[eth1/2]/phys,trunk,7,unknown,up,10G
topology/pod-1/node-1103/sys/phys-[eth1/3]/phys,trunk,21-22,vlan-22,up,10G
topology/pod-1/node-1103/sys/phys-[eth1/4]/phys,trunk,23-26,vlan-26,up,10G
topology/pod-1/node-1103/sys/phys-[eth1/5]/phys,trunk,21-22,vlan-22,up,10G
topology/pod-1/node-1103/sys/phys-[eth1/6]/phys,trunk,23-26,vlan-26,up,10G
topology/pod-1/node-1103/sys/phys-[eth1/7]/phys,trunk,21-22,vlan-22,up,10G
topology/pod-1/node-1103/sys/phys-[eth1/8]/phys,trunk,23-26,vlan-26,up,10G
topology/pod-1/node-1103/sys/phys-[eth1/9]/phys,trunk,"5-6,8-9,11,13-18,27-31,34-41,45-46,48-49",vlan-46,down,10G
topology/pod-1/node-1103/sys/phys-[eth1/10]/phys,trunk,"5-6,8-9,11,13-18,27-31,34-41,45-46,48-49",vlan-46,down,10G
topology/pod-1/node-1103/sys/phys-[eth1/11]/phys,trunk,"5-6,8-9,11,13-18,27-31,34-41,45-46,48-49",vlan-46,down,10G
topology/pod-1/node-1103/sys/phys-[eth1/12]/phys,trunk,"5-6,8-9,11,13-18,27-31,34-41,45-46,48-49",vlan-46,down,10G
topology/pod-1/node-1103/sys/phys-[eth1/13]/phys,trunk,"10,12",vlan-12,down,10G
topology/pod-1/node-1103/sys/phys-[eth1/14]/phys,trunk,,unknown,down,10G
topology/pod-1/node-1103/sys/phys-[eth1/15]/phys,trunk,,unknown,down,10G
topology/pod-1/node-1103/sys/phys-[eth1/16]/phys,trunk,,unknown,down,10G
topology/pod-1/node-1103/sys/phys-[eth1/17]/phys,trunk,,unknown,down,10G
topology/pod-1/node-1103/sys/phys-[eth1/18]/phys,trunk,,unknown,down,10G
topology/pod-1/node-1103/sys/phys-[eth1/19]/phys,trunk,,unknown,down,10G
topology/pod-1/node-1103/sys/phys-[eth1/20]/phys,trunk,,unknown,down,10G
topology/pod-1/node-1103/sys/phys-[eth1/21]/phys,trunk,,unknown,down,10G
topology/pod-1/node-1103/sys/phys-[eth1/22]/phys,trunk,,unknown,down,10G
topology/pod-1/node-1103/sys/phys-[eth1/23]/phys,trunk,,unknown,down,10G
topology/pod-1/node-1103/sys/phys-[eth1/24]/phys,trunk,,unknown,down,10G
topology/pod-1/node-1103/sys/phys-[eth1/25]/phys,trunk,,unknown,down,10G
topology/pod-1/node-1103/sys/phys-[eth1/26]/phys,trunk,,unknown,down,10G
topology/pod-1/node-1103/sys/phys-[eth1/27]/phys,trunk,,unknown,down,10G
topology/pod-1/node-1103/sys/phys-[eth1/28]/phys,trunk,,unknown,down,10G
topology/pod-1/node-1103/sys/phys-[eth1/29]/phys,trunk,,unknown,down,10G
topology/pod-1/node-1103/sys/phys-[eth1/30]/phys,trunk,,unknown,down,10G
topology/pod-1/node-1103/sys/phys-[eth1/31]/phys,trunk,,unknown,down,10G
topology/pod-1/node-1103/sys/phys-[eth1/32]/phys,trunk,,unknown,down,10G
topology/pod-1/node-1104/sys/phys-[eth1/33]/phys,trunk,,unknown,down,10G
topology/pod-1/node-1104/sys/phys-[eth1/34]/phys,trunk,,unknown,down,10G
topology/pod-1/node-1104/sys/phys-[eth1/35]/phys,trunk,,unknown,down,10G
topology/pod-1/node-1104/sys/phys-[eth1/36]/phys,trunk,,unknown,down,10G
topology/pod-1/node-1104/sys/phys-[eth1/37]/phys,trunk,,unknown,down,10G
topology/pod-1/node-1104/sys/phys-[eth1/38]/phys,trunk,,unknown,down,10G
topology/pod-1/node-1104/sys/phys-[eth1/39]/phys,trunk,,unknown,down,10G
topology/pod-1/node-1104/sys/phys-[eth1/40]/phys,trunk,,unknown,down,10G
topology/pod-1/node-1104/sys/phys-[eth1/41]/phys,trunk,,unknown,down,10G
topology/pod-1/node-1104/sys/phys-[eth1/42]/phys,trunk,,unknown,down,10G
topology/pod-1/node-1104/sys/phys-[eth1/43]/phys,trunk,,unknown,down,10G
topology/pod-1/node-1104/sys/phys-[eth1/44]/phys,trunk,,unknown,down,10G
topology/pod-1/node-1104/sys/phys-[eth1/45]/phys,trunk,,unknown,down,10G
topology/pod-1/node-1104/sys/phys-[eth1/46]/phys,trunk,,unknown,down,10G
topology/pod-1/node-1104/sys/phys-[eth1/47]/phys,trunk,,unknown,down,10G
topology/pod-1/node-1104/sys/phys-[eth1/48]/phys,trunk,,unknown,down,10G
topology/pod-1/node-1104/sys/phys-[eth1/49]/phys,trunk,,vlan-1,down,100G
topology/pod-1/node-1104/sys/phys-[eth1/50]/phys,trunk,,vlan-1,down,100G
topology/pod-1/node-1104/sys/phys-[eth1/51]/phys,trunk,,vlan-1,down,100G
topology/pod-1/node-1104/sys/phys-[eth1/52]/phys,trunk,,vlan-1,down,100G
topology/pod-1/node-1104/sys/phys-[eth1/53]/phys,trunk,,vlan-1,up,100G
topology/pod-1/node-1104/sys/phys-[eth1/54]/phys,trunk,,vlan-1,up,100G
topology/pod-1/node-1104/sys/phys-[eth1/1]/phys,trunk,7,unknown,up,10G
topology/pod-1/node-1104/sys/phys-[eth1/2]/phys,trunk,7,unknown,up,10G
topology/pod-1/node-1104/sys/phys-[eth1/3]/phys,trunk,18-19,vlan-19,up,10G
topology/pod-1/node-1104/sys/phys-[eth1/4]/phys,trunk,"5-6,8,20",vlan-8,up,10G
topology/pod-1/node-1104/sys/phys-[eth1/5]/phys,trunk,18-19,vlan-19,up,10G
topology/pod-1/node-1104/sys/phys-[eth1/6]/phys,trunk,"5-6,8,20",vlan-8,up,10G
topology/pod-1/node-1104/sys/phys-[eth1/7]/phys,trunk,18-19,vlan-19,up,10G
topology/pod-1/node-1104/sys/phys-[eth1/8]/phys,trunk,"5-6,8,20",vlan-8,up,10G
topology/pod-1/node-1104/sys/phys-[eth1/9]/phys,trunk,"9-10,12,14-15,21-29,32-41,45-46,48-49",vlan-46,down,10G
topology/pod-1/node-1104/sys/phys-[eth1/10]/phys,trunk,"9-10,12,14-15,21-29,32-41,45-46,48-49",vlan-46,down,10G
topology/pod-1/node-1104/sys/phys-[eth1/11]/phys,trunk,"9-10,12,14-15,21-29,32-41,45-46,48-49",vlan-46,down,10G
topology/pod-1/node-1104/sys/phys-[eth1/12]/phys,trunk,"9-10,12,14-15,21-29,32-41,45-46,48-49",vlan-46,down,10G
topology/pod-1/node-1104/sys/phys-[eth1/13]/phys,trunk,"11,13",vlan-13,down,10G
topology/pod-1/node-1104/sys/phys-[eth1/14]/phys,trunk,,unknown,down,10G
topology/pod-1/node-1104/sys/phys-[eth1/15]/phys,trunk,,unknown,down,10G
topology/pod-1/node-1104/sys/phys-[eth1/16]/phys,trunk,,unknown,down,10G
topology/pod-1/node-1104/sys/phys-[eth1/17]/phys,trunk,,unknown,down,10G
topology/pod-1/node-1104/sys/phys-[eth1/18]/phys,trunk,,unknown,down,10G
topology/pod-1/node-1104/sys/phys-[eth1/19]/phys,trunk,,unknown,down,10G
topology/pod-1/node-1104/sys/phys-[eth1/20]/phys,trunk,,unknown,down,10G
topology/pod-1/node-1104/sys/phys-[eth1/21]/phys,trunk,,unknown,down,10G
topology/pod-1/node-1104/sys/phys-[eth1/22]/phys,trunk,,unknown,down,10G
topology/pod-1/node-1104/sys/phys-[eth1/23]/phys,trunk,,unknown,down,10G
topology/pod-1/node-1104/sys/phys-[eth1/24]/phys,trunk,,unknown,down,10G
topology/pod-1/node-1104/sys/phys-[eth1/25]/phys,trunk,,unknown,down,10G
topology/pod-1/node-1104/sys/phys-[eth1/26]/phys,trunk,,unknown,down,10G
topology/pod-1/node-1104/sys/phys-[eth1/27]/phys,trunk,,unknown,down,10G
topology/pod-1/node-1104/sys/phys-[eth1/28]/phys,trunk,,unknown,down,10G
topology/pod-1/node-1104/sys/phys-[eth1/29]/phys,trunk,,unknown,down,10G
topology/pod-1/node-1104/sys/phys-[eth1/30]/phys,trunk,,unknown,down,10G
topology/pod-1/node-1104/sys/phys-[eth1/31]/phys,trunk,,unknown,down,10G
topology/pod-1/node-1104/sys/phys-[eth1/32]/phys,trunk,,unknown,down,10G
topology/pod-1/node-1105/sys/phys-[eth1/33]/phys,trunk,,unknown,down,10G
topology/pod-1/node-1105/sys/phys-[eth1/34]/phys,trunk,,unknown,down,10G
topology/pod-1/node-1105/sys/phys-[eth1/35]/phys,trunk,,unknown,down,10G
topology/pod-1/node-1105/sys/phys-[eth1/36]/phys,trunk,,unknown,down,10G
topology/pod-1/node-1105/sys/phys-[eth1/37]/phys,trunk,,unknown,down,10G
topology/pod-1/node-1105/sys/phys-[eth1/38]/phys,trunk,,unknown,down,10G
topology/pod-1/node-1105/sys/phys-[eth1/39]/phys,trunk,,unknown,down,10G
topology/pod-1/node-1105/sys/phys-[eth1/40]/phys,trunk,,unknown,down,10G
topology/pod-1/node-1105/sys/phys-[eth1/41]/phys,trunk,,unknown,down,10G
topology/pod-1/node-1105/sys/phys-[eth1/42]/phys,trunk,,unknown,down,10G
topology/pod-1/node-1105/sys/phys-[eth1/43]/phys,trunk,,unknown,down,10G
topology/pod-1/node-1105/sys/phys-[eth1/44]/phys,trunk,,unknown,down,10G
topology/pod-1/node-1105/sys/phys-[eth1/45]/phys,trunk,,unknown,down,10G
topology/pod-1/node-1105/sys/phys-[eth1/46]/phys,trunk,,unknown,down,10G
topology/pod-1/node-1105/sys/phys-[eth1/47]/phys,trunk,"6-8,14,17-25,27-29,32,34,37-38,44,52,56-58,62-63,67,69-71,81-88,95",vlan-86,up,10G
topology/pod-1/node-1105/sys/phys-[eth1/48]/phys,trunk,"6-8,14,17-25,27-29,32,34,37-38,44,52,56-58,62-63,67,69-71,81-88,95",vlan-86,up,10G
topology/pod-1/node-1105/sys/phys-[eth1/49]/phys,trunk,,vlan-1,down,100G
topology/pod-1/node-1105/sys/phys-[eth1/50]/phys,trunk,,vlan-1,down,100G
topology/pod-1/node-1105/sys/phys-[eth1/51]/phys,trunk,,vlan-1,down,100G
topology/pod-1/node-1105/sys/phys-[eth1/52]/phys,trunk,,vlan-1,down,100G
topology/pod-1/node-1105/sys/phys-[eth1/53]/phys,trunk,,vlan-1,up,100G
topology/pod-1/node-1105/sys/phys-[eth1/54]/phys,trunk,,vlan-1,up,100G
topology/pod-1/node-1105/sys/phys-[eth1/1]/phys,trunk,"5,9,12,33,39-40,43,45,50-51,53-55,59,76,79-80,89,91,93-94",vlan-94,up,10G
topology/pod-1/node-1105/sys/phys-[eth1/2]/phys,trunk,"5,9,12,33,39-40,43,45,50-51,53-55,59,76,79-80,89,91,93-94",vlan-94,up,10G
topology/pod-1/node-1105/sys/phys-[eth1/3]/phys,trunk,"15-16,24-25,41-42,64-65,74-75,77-78",vlan-16,up,10G
topology/pod-1/node-1105/sys/phys-[eth1/4]/phys,trunk,"15-16,24-25,41-42,64-65,74-75,77-78",vlan-16,up,10G
topology/pod-1/node-1105/sys/phys-[eth1/5]/phys,trunk,"48-49,60-61,64-66,68,72-73",vlan-65,up,10G
topology/pod-1/node-1105/sys/phys-[eth1/6]/phys,trunk,"48-49,60-61,64-66,68,72-73",vlan-65,up,10G
topology/pod-1/node-1105/sys/phys-[eth1/7]/phys,trunk,,unknown,down,10G
topology/pod-1/node-1105/sys/phys-[eth1/8]/phys,trunk,,unknown,down,10G
topology/pod-1/node-1105/sys/phys-[eth1/9]/phys,trunk,,unknown,down,10G
topology/pod-1/node-1105/sys/phys-[eth1/10]/phys,trunk,,unknown,down,10G
topology/pod-1/node-1105/sys/phys-[eth1/11]/phys,trunk,,unknown,down,10G
topology/pod-1/node-1105/sys/phys-[eth1/12]/phys,trunk,,unknown,down,10G
topology/pod-1/node-1105/sys/phys-[eth1/13]/phys,trunk,,unknown,down,10G
topology/pod-1/node-1105/sys/phys-[eth1/14]/phys,trunk,,unknown,down,10G
topology/pod-1/node-1105/sys/phys-[eth1/15]/phys,trunk,,unknown,down,10G
topology/pod-1/node-1105/sys/phys-[eth1/16]/phys,trunk,,unknown,down,10G
topology/pod-1/node-1105/sys/phys-[eth1/17]/phys,trunk,,unknown,down,10G
topology/pod-1/node-1105/sys/phys-[eth1/18]/phys,trunk,,unknown,down,10G
topology/pod-1/node-1105/sys/phys-[eth1/19]/phys,trunk,,unknown,down,10G
topology/pod-1/node-1105/sys/phys-[eth1/20]/phys,trunk,,unknown,down,10G
topology/pod-1/node-1105/sys/phys-[eth1/21]/phys,trunk,,unknown,down,10G
topology/pod-1/node-1105/sys/phys-[eth1/22]/phys,trunk,,unknown,down,10G
topology/pod-1/node-1105/sys/phys-[eth1/23]/phys,trunk,,unknown,down,10G
topology/pod-1/node-1105/sys/phys-[eth1/24]/phys,trunk,,unknown,down,10G
topology/pod-1/node-1105/sys/phys-[eth1/25]/phys,trunk,,unknown,down,10G
topology/pod-1/node-1105/sys/phys-[eth1/26]/phys,trunk,,unknown,down,10G
topology/pod-1/node-1105/sys/phys-[eth1/27]/phys,trunk,,unknown,down,10G
topology/pod-1/node-1105/sys/phys-[eth1/28]/phys,trunk,,unknown,down,10G
topology/pod-1/node-1105/sys/phys-[eth1/29]/phys,trunk,,unknown,down,10G
topology/pod-1/node-1105/sys/phys-[eth1/30]/phys,trunk,,unknown,down,10G
topology/pod-1/node-1105/sys/phys-[eth1/31]/phys,trunk,,unknown,down,10G
topology/pod-1/node-1105/sys/phys-[eth1/32]/phys,trunk,,unknown,down,10G
topology/pod-1/node-1106/sys/phys-[eth1/33]/phys,trunk,,unknown,down,10G
topology/pod-1/node-1106/sys/phys-[eth1/34]/phys,trunk,,unknown,down,10G
topology/pod-1/node-1106/sys/phys-[eth1/35]/phys,trunk,,unknown,down,10G
topology/pod-1/node-1106/sys/phys-[eth1/36]/phys,trunk,,unknown,down,10G
topology/pod-1/node-1106/sys/phys-[eth1/37]/phys,trunk,,unknown,down,10G
topology/pod-1/node-1106/sys/phys-[eth1/38]/phys,trunk,,unknown,down,10G
topology/pod-1/node-1106/sys/phys-[eth1/39]/phys,trunk,,unknown,down,10G
topology/pod-1/node-1106/sys/phys-[eth1/40]/phys,trunk,,unknown,down,10G
topology/pod-1/node-1106/sys/phys-[eth1/41]/phys,trunk,,unknown,down,10G
topology/pod-1/node-1106/sys/phys-[eth1/42]/phys,trunk,,unknown,down,10G
topology/pod-1/node-1106/sys/phys-[eth1/43]/phys,trunk,,unknown,down,10G
topology/pod-1/node-1106/sys/phys-[eth1/44]/phys,trunk,,unknown,down,10G
topology/pod-1/node-1106/sys/phys-[eth1/45]/phys,trunk,,unknown,down,10G
topology/pod-1/node-1106/sys/phys-[eth1/46]/phys,trunk,,unknown,down,10G
topology/pod-1/node-1106/sys/phys-[eth1/47]/phys,trunk,"6,8-12,14-17,20,22,28,34-35,38-40,42,50-51,53-54,57-59,76-88,95",vlan-83,up,10G
topology/pod-1/node-1106/sys/phys-[eth1/48]/phys,trunk,"6,8-12,14-17,20,22,28,34-35,38-40,42,50-51,53-54,57-59,76-88,95",vlan-83,up,10G
topology/pod-1/node-1106/sys/phys-[eth1/49]/phys,trunk,,vlan-1,down,100G
topology/pod-1/node-1106/sys/phys-[eth1/50]/phys,trunk,,vlan-1,down,100G
topology/pod-1/node-1106/sys/phys-[eth1/51]/phys,trunk,,vlan-1,down,100G
topology/pod-1/node-1106/sys/phys-[eth1/52]/phys,trunk,,vlan-1,down,100G
topology/pod-1/node-1106/sys/phys-[eth1/53]/phys,trunk,,vlan-1,up,100G
topology/pod-1/node-1106/sys/phys-[eth1/54]/phys,trunk,,vlan-1,up,100G
topology/pod-1/node-1106/sys/phys-[eth1/1]/phys,trunk,"5,19,21,23-27,29-30,43,48,52,60,64,69-70,73-74,89,91",vlan-74,up,10G
topology/pod-1/node-1106/sys/phys-[eth1/2]/phys,trunk,"5,19,21,23-27,29-30,43,48,52,60,64,69-70,73-74,89,91",vlan-74,up,10G
topology/pod-1/node-1106/sys/phys-[eth1/3]/phys,trunk,"15-16,45-46,49,55,61,63,67-68,99-100",vlan-100,up,10G
topology/pod-1/node-1106/sys/phys-[eth1/4]/phys,trunk,"15-16,45-46,49,55,61,63,67-68,99-100",vlan-100,up,10G
topology/pod-1/node-1106/sys/phys-[eth1/5]/phys,trunk,"37,41,44,47,49,55-56,62,65-66",vlan-55,up,10G
topology/pod-1/node-1106/sys/phys-[eth1/6]/phys,trunk,"37,41,44,47,49,55-56,62,65-66",vlan-55,up,10G
topology/pod-1/node-1106/sys/phys-[eth1/7]/phys,trunk,,unknown,down,10G
topology/pod-1/node-1106/sys/phys-[eth1/8]/phys,trunk,,unknown,down,10G
topology/pod-1/node-1106/sys/phys-[eth1/9]/phys,trunk,,unknown,down,10G
topology/pod-1/node-1106/sys/phys-[eth1/10]/phys,trunk,,unknown,down,10G
topology/pod-1/node-1106/sys/phys-[eth1/11]/phys,trunk,,unknown,down,10G
topology/pod-1/node-1106/sys/phys-[eth1/12]/phys,trunk,,unknown,down,10G
topology/pod-1/node-1106/sys/phys-[eth1/13]/phys,trunk,,unknown,down,10G
topology/pod-1/node-1106/sys/phys-[eth1/14]/phys,trunk,,unknown,down,10G
topology/pod-1/node-1106/sys/phys-[eth1/15]/phys,trunk,,unknown,down,10G
topology/pod-1/node-1106/sys/phys-[eth1/16]/phys,trunk,,unknown,down,10G
topology/pod-1/node-1106/sys/phys-[eth1/17]/phys,trunk,,unknown,down,10G
topology/pod-1/node-1106/sys/phys-[eth1/18]/phys,trunk,,unknown,down,10G
topology/pod-1/node-1106/sys/phys-[eth1/19]/phys,trunk,,unknown,down,10G
topology/pod-1/node-1106/sys/phys-[eth1/20]/phys,trunk,,unknown,down,10G
topology/pod-1/node-1106/sys/phys-[eth1/21]/phys,trunk,,unknown,down,10G
topology/pod-1/node-1106/sys/phys-[eth1/22]/phys,trunk,,unknown,down,10G
topology/pod-1/node-1106/sys/phys-[eth1/23]/phys,trunk,,unknown,down,10G
topology/pod-1/node-1106/sys/phys-[eth1/24]/phys,trunk,,unknown,down,10G
topology/pod-1/node-1106/sys/phys-[eth1/25]/phys,trunk,,unknown,down,10G
topology/pod-1/node-1106/sys/phys-[eth1/26]/phys,trunk,,unknown,down,10G
topology/pod-1/node-1106/sys/phys-[eth1/27]/phys,trunk,,unknown,down,10G
topology/pod-1/node-1106/sys/phys-[eth1/28]/phys,trunk,,unknown,down,10G
topology/pod-1/node-1106/sys/phys-[eth1/29]/phys,trunk,,unknown,down,10G
topology/pod-1/node-1106/sys/phys-[eth1/30]/phys,trunk,,unknown,down,10G
topology/pod-1/node-1106/sys/phys-[eth1/31]/phys,trunk,,unknown,down,10G
topology/pod-1/node-1106/sys/phys-[eth1/32]/phys,trunk,,unknown,down,10G
topology/pod-1/node-1201/sys/phys-[eth1/33]/phys,trunk,,unknown,down,10G
topology/pod-1/node-1201/sys/phys-[eth1/34]/phys,trunk,,unknown,down,10G
topology/pod-1/node-1201/sys/phys-[eth1/35]/phys,trunk,,unknown,down,10G
topology/pod-1/node-1201/sys/phys-[eth1/36]/phys,trunk,,unknown,down,10G
topology/pod-1/node-1201/sys/phys-[eth1/37]/phys,trunk,,unknown,down,10G
topology/pod-1/node-1201/sys/phys-[eth1/38]/phys,trunk,,unknown,down,10G
topology/pod-1/node-1201/sys/phys-[eth1/39]/phys,trunk,,unknown,down,10G
topology/pod-1/node-1201/sys/phys-[eth1/40]/phys,trunk,,unknown,down,10G
topology/pod-1/node-1201/sys/phys-[eth1/41]/phys,trunk,,unknown,down,10G
topology/pod-1/node-1201/sys/phys-[eth1/42]/phys,trunk,,unknown,down,10G
topology/pod-1/node-1201/sys/phys-[eth1/43]/phys,trunk,,unknown,down,10G
topology/pod-1/node-1201/sys/phys-[eth1/44]/phys,trunk,,unknown,down,10G
topology/pod-1/node-1201/sys/phys-[eth1/45]/phys,trunk,,unknown,down,10G
topology/pod-1/node-1201/sys/phys-[eth1/46]/phys,trunk,,unknown,down,10G
topology/pod-1/node-1201/sys/phys-[eth1/47]/phys,trunk,,unknown,down,10G
topology/pod-1/node-1201/sys/phys-[eth1/48]/phys,trunk,,unknown,down,10G
topology/pod-1/node-1201/sys/phys-[eth1/49]/phys,trunk,,vlan-1,down,100G
topology/pod-1/node-1201/sys/phys-[eth1/50]/phys,trunk,,vlan-1,down,100G
topology/pod-1/node-1201/sys/phys-[eth1/51]/phys,trunk,,vlan-1,down,100G
topology/pod-1/node-1201/sys/phys-[eth1/52]/phys,trunk,,vlan-1,down,100G
topology/pod-1/node-1201/sys/phys-[eth1/53]/phys,trunk,,vlan-1,up,100G
topology/pod-1/node-1201/sys/phys-[eth1/54]/phys,trunk,,vlan-1,up,100G
topology/pod-1/node-1201/sys/phys-[eth1/1]/phys,trunk,,unknown,down,10G
topology/pod-1/node-1201/sys/phys-[eth1/2]/phys,trunk,,unknown,down,10G
topology/pod-1/node-1201/sys/phys-[eth1/3]/phys,trunk,,unknown,down,10G
topology/pod-1/node-1201/sys/phys-[eth1/4]/phys,trunk,,unknown,down,10G
topology/pod-1/node-1201/sys/phys-[eth1/5]/phys,trunk,,unknown,down,10G
topology/pod-1/node-1201/sys/phys-[eth1/6]/phys,trunk,,unknown,down,10G
topology/pod-1/node-1201/sys/phys-[eth1/7]/phys,trunk,,unknown,down,10G
topology/pod-1/node-1201/sys/phys-[eth1/8]/phys,trunk,,unknown,down,10G
topology/pod-1/node-1201/sys/phys-[eth1/9]/phys,trunk,,unknown,down,10G
topology/pod-1/node-1201/sys/phys-[eth1/10]/phys,trunk,,unknown,down,10G
topology/pod-1/node-1201/sys/phys-[eth1/11]/phys,trunk,,unknown,down,10G
topology/pod-1/node-1201/sys/phys-[eth1/12]/phys,trunk,,unknown,down,10G
topology/pod-1/node-1201/sys/phys-[eth1/13]/phys,trunk,,unknown,down,10G
topology/pod-1/node-1201/sys/phys-[eth1/14]/phys,trunk,,unknown,down,10G
topology/pod-1/node-1201/sys/phys-[eth1/15]/phys,trunk,,unknown,down,10G
topology/pod-1/node-1201/sys/phys-[eth1/16]/phys,trunk,,unknown,down,10G
topology/pod-1/node-1201/sys/phys-[eth1/17]/phys,trunk,,unknown,down,10G
topology/pod-1/node-1201/sys/phys-[eth1/18]/phys,trunk,,unknown,down,10G
topology/pod-1/node-1201/sys/phys-[eth1/19]/phys,trunk,,unknown,down,10G
topology/pod-1/node-1201/sys/phys-[eth1/20]/phys,trunk,,unknown,down,10G
topology/pod-1/node-1201/sys/phys-[eth1/21]/phys,trunk,,unknown,down,10G
topology/pod-1/node-1201/sys/phys-[eth1/22]/phys,trunk,,unknown,down,10G
topology/pod-1/node-1201/sys/phys-[eth1/23]/phys,trunk,,unknown,down,10G
topology/pod-1/node-1201/sys/phys-[eth1/24]/phys,trunk,,unknown,down,10G
topology/pod-1/node-1201/sys/phys-[eth1/25]/phys,trunk,,unknown,down,10G
topology/pod-1/node-1201/sys/phys-[eth1/26]/phys,trunk,,unknown,down,10G
topology/pod-1/node-1201/sys/phys-[eth1/27]/phys,trunk,,unknown,down,10G
topology/pod-1/node-1201/sys/phys-[eth1/28]/phys,trunk,,unknown,down,10G
topology/pod-1/node-1201/sys/phys-[eth1/29]/phys,trunk,,unknown,down,10G
topology/pod-1/node-1201/sys/phys-[eth1/30]/phys,trunk,,unknown,down,10G
topology/pod-1/node-1201/sys/phys-[eth1/31]/phys,trunk,,unknown,down,10G
topology/pod-1/node-1201/sys/phys-[eth1/32]/phys,trunk,,unknown,down,10G
topology/pod-1/node-1202/sys/phys-[eth1/33]/phys,trunk,,unknown,down,10G
topology/pod-1/node-1202/sys/phys-[eth1/34]/phys,trunk,,unknown,down,10G
topology/pod-1/node-1202/sys/phys-[eth1/35]/phys,trunk,,unknown,down,10G
topology/pod-1/node-1202/sys/phys-[eth1/36]/phys,trunk,,unknown,down,10G
topology/pod-1/node-1202/sys/phys-[eth1/37]/phys,trunk,,unknown,down,10G
topology/pod-1/node-1202/sys/phys-[eth1/38]/phys,trunk,,unknown,down,10G
topology/pod-1/node-1202/sys/phys-[eth1/39]/phys,trunk,,unknown,down,10G
topology/pod-1/node-1202/sys/phys-[eth1/40]/phys,trunk,,unknown,down,10G
topology/pod-1/node-1202/sys/phys-[eth1/41]/phys,trunk,,unknown,down,10G
topology/pod-1/node-1202/sys/phys-[eth1/42]/phys,trunk,,unknown,down,10G
topology/pod-1/node-1202/sys/phys-[eth1/43]/phys,trunk,,unknown,down,10G
topology/pod-1/node-1202/sys/phys-[eth1/44]/phys,trunk,,unknown,down,10G
topology/pod-1/node-1202/sys/phys-[eth1/45]/phys,trunk,,unknown,down,10G
topology/pod-1/node-1202/sys/phys-[eth1/46]/phys,trunk,,unknown,down,10G
topology/pod-1/node-1202/sys/phys-[eth1/47]/phys,trunk,,unknown,down,10G
topology/pod-1/node-1202/sys/phys-[eth1/48]/phys,trunk,,unknown,down,10G
topology/pod-1/node-1202/sys/phys-[eth1/49]/phys,trunk,,vlan-1,down,100G
topology/pod-1/node-1202/sys/phys-[eth1/50]/phys,trunk,,vlan-1,down,100G
topology/pod-1/node-1202/sys/phys-[eth1/51]/phys,trunk,,vlan-1,down,100G
topology/pod-1/node-1202/sys/phys-[eth1/52]/phys,trunk,,vlan-1,down,100G
topology/pod-1/node-1202/sys/phys-[eth1/53]/phys,trunk,,vlan-1,up,100G
topology/pod-1/node-1202/sys/phys-[eth1/54]/phys,trunk,,vlan-1,up,100G
topology/pod-1/node-1202/sys/phys-[eth1/1]/phys,trunk,,unknown,down,10G
topology/pod-1/node-1202/sys/phys-[eth1/2]/phys,trunk,,unknown,down,10G
topology/pod-1/node-1202/sys/phys-[eth1/3]/phys,trunk,,unknown,down,10G
topology/pod-1/node-1202/sys/phys-[eth1/4]/phys,trunk,,unknown,down,10G
topology/pod-1/node-1202/sys/phys-[eth1/5]/phys,trunk,,unknown,down,10G
topology/pod-1/node-1202/sys/phys-[eth1/6]/phys,trunk,,unknown,down,10G
topology/pod-1/node-1202/sys/phys-[eth1/7]/phys,trunk,,unknown,down,10G
topology/pod-1/node-1202/sys/phys-[eth1/8]/phys,trunk,,unknown,down,10G
topology/pod-1/node-1202/sys/phys-[eth1/9]/phys,trunk,,unknown,down,10G
topology/pod-1/node-1202/sys/phys-[eth1/10]/phys,trunk,,unknown,down,10G
topology/pod-1/node-1202/sys/phys-[eth1/11]/phys,trunk,,unknown,down,10G
topology/pod-1/node-1202/sys/phys-[eth1/12]/phys,trunk,,unknown,down,10G
topology/pod-1/node-1202/sys/phys-[eth1/13]/phys,trunk,,unknown,down,10G
topology/pod-1/node-1202/sys/phys-[eth1/14]/phys,trunk,,unknown,down,10G
topology/pod-1/node-1202/sys/phys-[eth1/15]/phys,trunk,,unknown,down,10G
topology/pod-1/node-1202/sys/phys-[eth1/16]/phys,trunk,,unknown,down,10G
topology/pod-1/node-1202/sys/phys-[eth1/17]/phys,trunk,,unknown,down,10G
topology/pod-1/node-1202/sys/phys-[eth1/18]/phys,trunk,,unknown,down,10G
topology/pod-1/node-1202/sys/phys-[eth1/19]/phys,trunk,,unknown,down,10G
topology/pod-1/node-1202/sys/phys-[eth1/20]/phys,trunk,,unknown,down,10G
topology/pod-1/node-1202/sys/phys-[eth1/21]/phys,trunk,,unknown,down,10G
topology/pod-1/node-1202/sys/phys-[eth1/22]/phys,trunk,,unknown,down,10G
topology/pod-1/node-1202/sys/phys-[eth1/23]/phys,trunk,,unknown,down,10G
topology/pod-1/node-1202/sys/phys-[eth1/24]/phys,trunk,,unknown,down,10G
topology/pod-1/node-1202/sys/phys-[eth1/25]/phys,trunk,,unknown,down,10G
topology/pod-1/node-1202/sys/phys-[eth1/26]/phys,trunk,,unknown,down,10G
topology/pod-1/node-1202/sys/phys-[eth1/27]/phys,trunk,,unknown,down,10G
topology/pod-1/node-1202/sys/phys-[eth1/28]/phys,trunk,,unknown,down,10G
topology/pod-1/node-1202/sys/phys-[eth1/29]/phys,trunk,,unknown,down,10G
topology/pod-1/node-1202/sys/phys-[eth1/30]/phys,trunk,,unknown,down,10G
topology/pod-1/node-1202/sys/phys-[eth1/31]/phys,trunk,,unknown,down,10G
topology/pod-1/node-1202/sys/phys-[eth1/32]/phys,trunk,,unknown,down,10G
topology/pod-1/node-1203/sys/phys-[eth1/33]/phys,trunk,16-Sep,vlan-16,up,10G
topology/pod-1/node-1203/sys/phys-[eth1/34]/phys,trunk,16-Sep,vlan-16,up,10G
topology/pod-1/node-1203/sys/phys-[eth1/35]/phys,trunk,,unknown,down,10G
topology/pod-1/node-1203/sys/phys-[eth1/36]/phys,trunk,,unknown,down,10G
topology/pod-1/node-1203/sys/phys-[eth1/37]/phys,trunk,,unknown,down,10G
topology/pod-1/node-1203/sys/phys-[eth1/38]/phys,trunk,,unknown,down,10G
topology/pod-1/node-1203/sys/phys-[eth1/39]/phys,trunk,,unknown,down,10G
topology/pod-1/node-1203/sys/phys-[eth1/40]/phys,trunk,,unknown,down,10G
topology/pod-1/node-1203/sys/phys-[eth1/41]/phys,trunk,,unknown,down,10G
topology/pod-1/node-1203/sys/phys-[eth1/42]/phys,trunk,,unknown,down,10G
topology/pod-1/node-1203/sys/phys-[eth1/43]/phys,trunk,,unknown,down,10G
topology/pod-1/node-1203/sys/phys-[eth1/44]/phys,trunk,,unknown,down,10G
topology/pod-1/node-1203/sys/phys-[eth1/45]/phys,trunk,,unknown,down,10G
topology/pod-1/node-1203/sys/phys-[eth1/46]/phys,trunk,,unknown,down,10G
topology/pod-1/node-1203/sys/phys-[eth1/47]/phys,trunk,,unknown,down,10G
topology/pod-1/node-1203/sys/phys-[eth1/48]/phys,trunk,,unknown,down,10G
topology/pod-1/node-1203/sys/phys-[eth1/49]/phys,trunk,,vlan-1,down,100G
topology/pod-1/node-1203/sys/phys-[eth1/50]/phys,trunk,,vlan-1,down,100G
topology/pod-1/node-1203/sys/phys-[eth1/51]/phys,trunk,,vlan-1,down,100G
topology/pod-1/node-1203/sys/phys-[eth1/52]/phys,trunk,,vlan-1,down,100G
topology/pod-1/node-1203/sys/phys-[eth1/53]/phys,trunk,,vlan-1,up,100G
topology/pod-1/node-1203/sys/phys-[eth1/54]/phys,trunk,,vlan-1,up,100G
topology/pod-1/node-1203/sys/phys-[eth1/1]/phys,trunk,23-24,vlan-24,up,10G
topology/pod-1/node-1203/sys/phys-[eth1/2]/phys,trunk,23-24,vlan-24,up,10G
topology/pod-1/node-1203/sys/phys-[eth1/3]/phys,trunk,16-Sep,vlan-16,up,10G
topology/pod-1/node-1203/sys/phys-[eth1/4]/phys,trunk,16-Sep,vlan-16,up,10G
topology/pod-1/node-1203/sys/phys-[eth1/5]/phys,trunk,16-Sep,vlan-16,up,10G
topology/pod-1/node-1203/sys/phys-[eth1/6]/phys,trunk,16-Sep,vlan-16,up,10G
topology/pod-1/node-1203/sys/phys-[eth1/7]/phys,trunk,16-Sep,vlan-16,up,10G
topology/pod-1/node-1203/sys/phys-[eth1/8]/phys,trunk,16-Sep,vlan-16,up,10G
topology/pod-1/node-1203/sys/phys-[eth1/9]/phys,trunk,16-Sep,vlan-16,up,10G
topology/pod-1/node-1203/sys/phys-[eth1/10]/phys,trunk,16-Sep,vlan-16,up,10G
topology/pod-1/node-1203/sys/phys-[eth1/11]/phys,trunk,16-Sep,vlan-16,up,10G
topology/pod-1/node-1203/sys/phys-[eth1/12]/phys,trunk,16-Sep,vlan-16,up,10G
topology/pod-1/node-1203/sys/phys-[eth1/13]/phys,trunk,16-Sep,vlan-16,up,10G
topology/pod-1/node-1203/sys/phys-[eth1/14]/phys,trunk,16-Sep,vlan-16,up,10G
topology/pod-1/node-1203/sys/phys-[eth1/15]/phys,trunk,16-Sep,vlan-16,up,10G
topology/pod-1/node-1203/sys/phys-[eth1/16]/phys,trunk,16-Sep,vlan-16,up,10G
topology/pod-1/node-1203/sys/phys-[eth1/17]/phys,trunk,16-Sep,vlan-16,up,10G
topology/pod-1/node-1203/sys/phys-[eth1/18]/phys,trunk,17-18,vlan-18,up,10G
topology/pod-1/node-1203/sys/phys-[eth1/19]/phys,trunk,17-18,vlan-18,up,10G
topology/pod-1/node-1203/sys/phys-[eth1/20]/phys,trunk,21-22,vlan-22,up,10G
topology/pod-1/node-1203/sys/phys-[eth1/21]/phys,trunk,19-20,vlan-20,up,10G
topology/pod-1/node-1203/sys/phys-[eth1/22]/phys,trunk,19-20,vlan-20,up,10G
topology/pod-1/node-1203/sys/phys-[eth1/23]/phys,trunk,17-18,vlan-18,up,10G
topology/pod-1/node-1203/sys/phys-[eth1/24]/phys,trunk,17-18,vlan-18,up,10G
topology/pod-1/node-1203/sys/phys-[eth1/25]/phys,trunk,21-22,vlan-22,up,10G
topology/pod-1/node-1203/sys/phys-[eth1/26]/phys,trunk,21-22,vlan-22,up,10G
topology/pod-1/node-1203/sys/phys-[eth1/27]/phys,trunk,21-22,vlan-22,up,10G
topology/pod-1/node-1203/sys/phys-[eth1/28]/phys,trunk,25,vlan-25,up,10G
topology/pod-1/node-1203/sys/phys-[eth1/29]/phys,trunk,25,vlan-25,up,10G
topology/pod-1/node-1203/sys/phys-[eth1/30]/phys,trunk,16-Sep,vlan-16,down,10G
topology/pod-1/node-1203/sys/phys-[eth1/31]/phys,trunk,16-Sep,vlan-16,down,10G
topology/pod-1/node-1203/sys/phys-[eth1/32]/phys,trunk,,unknown,down,10G
topology/pod-1/node-1204/sys/phys-[eth1/33]/phys,trunk,16-Sep,vlan-16,up,10G
topology/pod-1/node-1204/sys/phys-[eth1/34]/phys,trunk,16-Sep,vlan-16,up,10G
topology/pod-1/node-1204/sys/phys-[eth1/35]/phys,trunk,,unknown,down,10G
topology/pod-1/node-1204/sys/phys-[eth1/36]/phys,trunk,,unknown,down,10G
topology/pod-1/node-1204/sys/phys-[eth1/37]/phys,trunk,,unknown,down,10G
topology/pod-1/node-1204/sys/phys-[eth1/38]/phys,trunk,,unknown,down,10G
topology/pod-1/node-1204/sys/phys-[eth1/39]/phys,trunk,,unknown,down,10G
topology/pod-1/node-1204/sys/phys-[eth1/40]/phys,trunk,,unknown,down,10G
topology/pod-1/node-1204/sys/phys-[eth1/41]/phys,trunk,,unknown,down,10G
topology/pod-1/node-1204/sys/phys-[eth1/42]/phys,trunk,,unknown,down,10G
topology/pod-1/node-1204/sys/phys-[eth1/43]/phys,trunk,,unknown,down,10G
topology/pod-1/node-1204/sys/phys-[eth1/44]/phys,trunk,,unknown,down,10G
topology/pod-1/node-1204/sys/phys-[eth1/45]/phys,trunk,,unknown,down,10G
topology/pod-1/node-1204/sys/phys-[eth1/46]/phys,trunk,,unknown,down,10G
topology/pod-1/node-1204/sys/phys-[eth1/47]/phys,trunk,,unknown,down,10G
topology/pod-1/node-1204/sys/phys-[eth1/48]/phys,trunk,,unknown,down,10G
topology/pod-1/node-1204/sys/phys-[eth1/49]/phys,trunk,,vlan-1,down,100G
topology/pod-1/node-1204/sys/phys-[eth1/50]/phys,trunk,,vlan-1,down,100G
topology/pod-1/node-1204/sys/phys-[eth1/51]/phys,trunk,,vlan-1,down,100G
topology/pod-1/node-1204/sys/phys-[eth1/52]/phys,trunk,,vlan-1,down,100G
topology/pod-1/node-1204/sys/phys-[eth1/53]/phys,trunk,,vlan-1,up,100G
topology/pod-1/node-1204/sys/phys-[eth1/54]/phys,trunk,,vlan-1,up,100G
topology/pod-1/node-1204/sys/phys-[eth1/1]/phys,trunk,23-24,vlan-24,up,10G
topology/pod-1/node-1204/sys/phys-[eth1/2]/phys,trunk,23-24,vlan-24,up,10G
topology/pod-1/node-1204/sys/phys-[eth1/3]/phys,trunk,16-Sep,vlan-16,up,10G
topology/pod-1/node-1204/sys/phys-[eth1/4]/phys,trunk,16-Sep,vlan-16,up,10G
topology/pod-1/node-1204/sys/phys-[eth1/5]/phys,trunk,16-Sep,vlan-16,up,10G
topology/pod-1/node-1204/sys/phys-[eth1/6]/phys,trunk,16-Sep,vlan-16,up,10G
topology/pod-1/node-1204/sys/phys-[eth1/7]/phys,trunk,16-Sep,vlan-16,up,10G
topology/pod-1/node-1204/sys/phys-[eth1/8]/phys,trunk,16-Sep,vlan-16,up,10G
topology/pod-1/node-1204/sys/phys-[eth1/9]/phys,trunk,16-Sep,vlan-16,up,10G
topology/pod-1/node-1204/sys/phys-[eth1/10]/phys,trunk,16-Sep,vlan-16,up,10G
topology/pod-1/node-1204/sys/phys-[eth1/11]/phys,trunk,16-Sep,vlan-16,up,10G
topology/pod-1/node-1204/sys/phys-[eth1/12]/phys,trunk,16-Sep,vlan-16,up,10G
topology/pod-1/node-1204/sys/phys-[eth1/13]/phys,trunk,16-Sep,vlan-16,up,10G
topology/pod-1/node-1204/sys/phys-[eth1/14]/phys,trunk,16-Sep,vlan-16,up,10G
topology/pod-1/node-1204/sys/phys-[eth1/15]/phys,trunk,16-Sep,vlan-16,up,10G
topology/pod-1/node-1204/sys/phys-[eth1/16]/phys,trunk,16-Sep,vlan-16,up,10G
topology/pod-1/node-1204/sys/phys-[eth1/17]/phys,trunk,16-Sep,vlan-16,up,10G
topology/pod-1/node-1204/sys/phys-[eth1/18]/phys,trunk,21-22,vlan-22,up,10G
topology/pod-1/node-1204/sys/phys-[eth1/19]/phys,trunk,21-22,vlan-22,up,10G
topology/pod-1/node-1204/sys/phys-[eth1/20]/phys,trunk,19-20,vlan-20,up,10G
topology/pod-1/node-1204/sys/phys-[eth1/21]/phys,trunk,17-18,vlan-18,up,10G
topology/pod-1/node-1204/sys/phys-[eth1/22]/phys,trunk,17-18,vlan-18,up,10G
topology/pod-1/node-1204/sys/phys-[eth1/23]/phys,trunk,21-22,vlan-22,up,10G
topology/pod-1/node-1204/sys/phys-[eth1/24]/phys,trunk,21-22,vlan-22,up,10G
topology/pod-1/node-1204/sys/phys-[eth1/25]/phys,trunk,19-20,vlan-20,up,10G
topology/pod-1/node-1204/sys/phys-[eth1/26]/phys,trunk,19-20,vlan-20,up,10G
topology/pod-1/node-1204/sys/phys-[eth1/27]/phys,trunk,19-20,vlan-20,up,10G
topology/pod-1/node-1204/sys/phys-[eth1/28]/phys,trunk,25,vlan-25,up,10G
topology/pod-1/node-1204/sys/phys-[eth1/29]/phys,trunk,25,vlan-25,up,10G
topology/pod-1/node-1204/sys/phys-[eth1/30]/phys,trunk,16-Sep,vlan-16,down,10G
topology/pod-1/node-1204/sys/phys-[eth1/31]/phys,trunk,16-Sep,vlan-16,down,10G
topology/pod-1/node-1204/sys/phys-[eth1/32]/phys,trunk,,unknown,down,10G
topology/pod-1/node-1205/sys/phys-[eth1/33]/phys,trunk,16-17,vlan-17,down,1G
topology/pod-1/node-1205/sys/phys-[eth1/34]/phys,trunk,14-15,vlan-15,down,1G
topology/pod-1/node-1205/sys/phys-[eth1/35]/phys,trunk,16-17,vlan-17,down,1G
topology/pod-1/node-1205/sys/phys-[eth1/36]/phys,trunk,"24,47",vlan-47,down,10G
topology/pod-1/node-1205/sys/phys-[eth1/37]/phys,trunk,"23,59",vlan-23,down,10G
topology/pod-1/node-1205/sys/phys-[eth1/38]/phys,trunk,"23,59",vlan-23,down,10G
topology/pod-1/node-1205/sys/phys-[eth1/39]/phys,trunk,41-42,vlan-42,down,10G
topology/pod-1/node-1205/sys/phys-[eth1/40]/phys,trunk,,unknown,down,10G
topology/pod-1/node-1205/sys/phys-[eth1/41]/phys,trunk,,unknown,down,10G
topology/pod-1/node-1205/sys/phys-[eth1/42]/phys,trunk,,unknown,down,10G
topology/pod-1/node-1205/sys/phys-[eth1/43]/phys,trunk,,unknown,down,10G
topology/pod-1/node-1205/sys/phys-[eth1/44]/phys,trunk,,unknown,down,10G
topology/pod-1/node-1205/sys/phys-[eth1/45]/phys,trunk,,unknown,down,10G
topology/pod-1/node-1205/sys/phys-[eth1/46]/phys,trunk,,unknown,down,10G
topology/pod-1/node-1205/sys/phys-[eth1/47]/phys,trunk,,unknown,down,10G
topology/pod-1/node-1205/sys/phys-[eth1/48]/phys,trunk,,unknown,down,10G
topology/pod-1/node-1205/sys/phys-[eth1/49]/phys,trunk,,vlan-1,down,100G
topology/pod-1/node-1205/sys/phys-[eth1/50]/phys,trunk,,vlan-1,down,100G
topology/pod-1/node-1205/sys/phys-[eth1/51]/phys,trunk,,vlan-1,down,100G
topology/pod-1/node-1205/sys/phys-[eth1/52]/phys,trunk,,vlan-1,down,100G
topology/pod-1/node-1205/sys/phys-[eth1/53]/phys,trunk,,vlan-1,up,100G
topology/pod-1/node-1205/sys/phys-[eth1/54]/phys,trunk,,vlan-1,up,100G
topology/pod-1/node-1205/sys/phys-[eth1/1]/phys,trunk,86-87,vlan-87,up,1G
topology/pod-1/node-1205/sys/phys-[eth1/2]/phys,trunk,69-74,vlan-74,up,1G
topology/pod-1/node-1205/sys/phys-[eth1/3]/phys,trunk,"53-54,65-66",vlan-66,up,1G
topology/pod-1/node-1205/sys/phys-[eth1/4]/phys,trunk,85,vlan-85,up,1G
topology/pod-1/node-1205/sys/phys-[eth1/5]/phys,trunk,"5-11,18-22,27-32,37-38,43-46,48-52,55-58,60-62,75-76",vlan-60,up,1G
topology/pod-1/node-1205/sys/phys-[eth1/6]/phys,trunk,"5-11,18-22,24,27-32,37-38,43-52,55-58,60-62,75-76",vlan-57,up,1G
topology/pod-1/node-1205/sys/phys-[eth1/7]/phys,trunk,"5-9,20-22,27-32,37-38,43-46,48-52,55-58,60-64,75-76",vlan-64,up,1G
topology/pod-1/node-1205/sys/phys-[eth1/8]/phys,trunk,"31-36,67-68,79-84",vlan-32,up,1G
topology/pod-1/node-1205/sys/phys-[eth1/9]/phys,trunk,"31-36,67-68,79-84",vlan-32,up,1G
topology/pod-1/node-1205/sys/phys-[eth1/10]/phys,trunk,25-26,vlan-26,up,1G
topology/pod-1/node-1205/sys/phys-[eth1/11]/phys,trunk,16-17,vlan-17,up,1G
topology/pod-1/node-1205/sys/phys-[eth1/12]/phys,trunk,14-15,vlan-15,up,1G
topology/pod-1/node-1205/sys/phys-[eth1/13]/phys,trunk,16-17,vlan-17,up,1G
topology/pod-1/node-1205/sys/phys-[eth1/14]/phys,trunk,14-15,vlan-15,up,1G
topology/pod-1/node-1205/sys/phys-[eth1/15]/phys,trunk,"24,47",vlan-47,up,1G
topology/pod-1/node-1205/sys/phys-[eth1/16]/phys,trunk,"24,47",vlan-47,up,1G
topology/pod-1/node-1205/sys/phys-[eth1/17]/phys,trunk,"24,47",vlan-47,up,1G
topology/pod-1/node-1205/sys/phys-[eth1/18]/phys,trunk,"23,59",vlan-23,up,100M
topology/pod-1/node-1205/sys/phys-[eth1/19]/phys,trunk,39-40,vlan-40,up,1G
topology/pod-1/node-1205/sys/phys-[eth1/20]/phys,trunk,51-52,vlan-52,up,1G
topology/pod-1/node-1205/sys/phys-[eth1/21]/phys,trunk,,unknown,down,10G
topology/pod-1/node-1205/sys/phys-[eth1/22]/phys,trunk,,unknown,down,10G
topology/pod-1/node-1205/sys/phys-[eth1/23]/phys,trunk,,unknown,down,10G
topology/pod-1/node-1205/sys/phys-[eth1/24]/phys,trunk,,unknown,down,10G
topology/pod-1/node-1205/sys/phys-[eth1/25]/phys,trunk,,unknown,down,10G
topology/pod-1/node-1205/sys/phys-[eth1/26]/phys,trunk,,unknown,down,10G
topology/pod-1/node-1205/sys/phys-[eth1/27]/phys,trunk,,unknown,down,10G
topology/pod-1/node-1205/sys/phys-[eth1/28]/phys,trunk,,unknown,down,10G
topology/pod-1/node-1205/sys/phys-[eth1/29]/phys,trunk,,unknown,down,10G
topology/pod-1/node-1205/sys/phys-[eth1/30]/phys,trunk,,unknown,down,10G
topology/pod-1/node-1205/sys/phys-[eth1/31]/phys,trunk,,unknown,down,10G
topology/pod-1/node-1205/sys/phys-[eth1/32]/phys,trunk,14-15,vlan-15,down,1G
topology/pod-1/node-1206/sys/phys-[eth1/33]/phys,trunk,,unknown,down,10G
topology/pod-1/node-1206/sys/phys-[eth1/34]/phys,trunk,,unknown,down,10G
topology/pod-1/node-1206/sys/phys-[eth1/35]/phys,trunk,,unknown,down,10G
topology/pod-1/node-1206/sys/phys-[eth1/36]/phys,trunk,,unknown,down,10G
topology/pod-1/node-1206/sys/phys-[eth1/37]/phys,trunk,,unknown,down,10G
topology/pod-1/node-1206/sys/phys-[eth1/38]/phys,trunk,,unknown,down,10G
topology/pod-1/node-1206/sys/phys-[eth1/39]/phys,trunk,,unknown,down,10G
topology/pod-1/node-1206/sys/phys-[eth1/40]/phys,trunk,,unknown,down,10G
topology/pod-1/node-1206/sys/phys-[eth1/41]/phys,trunk,,unknown,down,10G
topology/pod-1/node-1206/sys/phys-[eth1/42]/phys,trunk,,unknown,down,10G
topology/pod-1/node-1206/sys/phys-[eth1/43]/phys,trunk,,unknown,down,10G
topology/pod-1/node-1206/sys/phys-[eth1/44]/phys,trunk,,unknown,down,10G
topology/pod-1/node-1206/sys/phys-[eth1/45]/phys,trunk,,unknown,down,10G
topology/pod-1/node-1206/sys/phys-[eth1/46]/phys,trunk,,unknown,down,10G
topology/pod-1/node-1206/sys/phys-[eth1/47]/phys,trunk,,unknown,down,10G
topology/pod-1/node-1206/sys/phys-[eth1/48]/phys,trunk,,unknown,down,10G
topology/pod-1/node-1206/sys/phys-[eth1/49]/phys,trunk,,vlan-1,down,100G
topology/pod-1/node-1206/sys/phys-[eth1/50]/phys,trunk,,vlan-1,down,100G
topology/pod-1/node-1206/sys/phys-[eth1/51]/phys,trunk,,vlan-1,down,100G
topology/pod-1/node-1206/sys/phys-[eth1/52]/phys,trunk,,vlan-1,down,100G
topology/pod-1/node-1206/sys/phys-[eth1/53]/phys,trunk,,vlan-1,up,100G
topology/pod-1/node-1206/sys/phys-[eth1/54]/phys,trunk,,vlan-1,up,100G
topology/pod-1/node-1206/sys/phys-[eth1/1]/phys,trunk,90-91,vlan-91,up,1G
topology/pod-1/node-1206/sys/phys-[eth1/2]/phys,trunk,75-80,vlan-80,up,1G
topology/pod-1/node-1206/sys/phys-[eth1/3]/phys,trunk,"73-74,81-82",vlan-82,up,1G
topology/pod-1/node-1206/sys/phys-[eth1/4]/phys,trunk,89,vlan-89,down,1G
topology/pod-1/node-1206/sys/phys-[eth1/5]/phys,trunk,"12-15,18-23,26-29,34-49,52-57,96-97",vlan-53,up,1G
topology/pod-1/node-1206/sys/phys-[eth1/6]/phys,trunk,"12-15,18-29,34-49,52-57,96-97",vlan-49,up,1G
topology/pod-1/node-1206/sys/phys-[eth1/7]/phys,trunk,"12-15,18-23,26-29,34-37,40-49,52-55,60-61,96-97",vlan-55,up,1G
topology/pod-1/node-1206/sys/phys-[eth1/8]/phys,trunk,"9,20-21,30,69-72,83-88",vlan-21,up,1G
topology/pod-1/node-1206/sys/phys-[eth1/9]/phys,trunk,"9,20-21,30,69-72,83-88",vlan-21,up,1G
topology/pod-1/node-1206/sys/phys-[eth1/10]/phys,trunk,"31,66",vlan-66,up,1G
topology/pod-1/node-1206/sys/phys-[eth1/11]/phys,trunk,50-51,vlan-51,up,1G
topology/pod-1/node-1206/sys/phys-[eth1/12]/phys,trunk,32-33,vlan-33,up,1G
topology/pod-1/node-1206/sys/phys-[eth1/13]/phys,trunk,50-51,vlan-51,up,1G
topology/pod-1/node-1206/sys/phys-[eth1/14]/phys,trunk,32-33,vlan-33,up,1G
topology/pod-1/node-1206/sys/phys-[eth1/15]/phys,trunk,24-25,vlan-25,up,1G
topology/pod-1/node-1206/sys/phys-[eth1/16]/phys,trunk,11-Oct,vlan-11,up,1G
topology/pod-1/node-1206/sys/phys-[eth1/17]/phys,trunk,11-Oct,vlan-11,up,1G
topology/pod-1/node-1206/sys/phys-[eth1/18]/phys,trunk,16-17,vlan-17,up,100M
topology/pod-1/node-1206/sys/phys-[eth1/19]/phys,trunk,"20-21,58-59,62-65",vlan-65,up,100M
topology/pod-1/node-1206/sys/phys-[eth1/20]/phys,trunk,,unknown,down,10G
topology/pod-1/node-1206/sys/phys-[eth1/21]/phys,trunk,,unknown,down,10G
topology/pod-1/node-1206/sys/phys-[eth1/22]/phys,trunk,,unknown,down,10G
topology/pod-1/node-1206/sys/phys-[eth1/23]/phys,trunk,,unknown,down,10G
topology/pod-1/node-1206/sys/phys-[eth1/24]/phys,trunk,,unknown,down,10G
topology/pod-1/node-1206/sys/phys-[eth1/25]/phys,trunk,,unknown,down,10G
topology/pod-1/node-1206/sys/phys-[eth1/26]/phys,trunk,,unknown,down,10G
topology/pod-1/node-1206/sys/phys-[eth1/27]/phys,trunk,,unknown,down,10G
topology/pod-1/node-1206/sys/phys-[eth1/28]/phys,trunk,,unknown,down,10G
topology/pod-1/node-1206/sys/phys-[eth1/29]/phys,trunk,,unknown,down,10G
topology/pod-1/node-1206/sys/phys-[eth1/30]/phys,trunk,,unknown,down,10G
topology/pod-1/node-1206/sys/phys-[eth1/31]/phys,trunk,,unknown,down,10G
topology/pod-1/node-1206/sys/phys-[eth1/32]/phys,trunk,,unknown,down,10G
topology/pod-1/node-1301/sys/phys-[eth1/33]/phys,trunk,,unknown,down,10G
topology/pod-1/node-1301/sys/phys-[eth1/34]/phys,trunk,,unknown,down,10G
topology/pod-1/node-1301/sys/phys-[eth1/35]/phys,trunk,,unknown,down,10G
topology/pod-1/node-1301/sys/phys-[eth1/36]/phys,trunk,,unknown,down,10G
topology/pod-1/node-1301/sys/phys-[eth1/37]/phys,trunk,,unknown,down,10G
topology/pod-1/node-1301/sys/phys-[eth1/38]/phys,trunk,,unknown,down,10G
topology/pod-1/node-1301/sys/phys-[eth1/39]/phys,trunk,,unknown,down,10G
topology/pod-1/node-1301/sys/phys-[eth1/40]/phys,trunk,,unknown,down,10G
topology/pod-1/node-1301/sys/phys-[eth1/41]/phys,trunk,,unknown,down,10G
topology/pod-1/node-1301/sys/phys-[eth1/42]/phys,trunk,,unknown,down,10G
topology/pod-1/node-1301/sys/phys-[eth1/43]/phys,trunk,,unknown,down,10G
topology/pod-1/node-1301/sys/phys-[eth1/44]/phys,trunk,,unknown,down,10G
topology/pod-1/node-1301/sys/phys-[eth1/45]/phys,trunk,,unknown,down,10G
topology/pod-1/node-1301/sys/phys-[eth1/46]/phys,trunk,,unknown,down,10G
topology/pod-1/node-1301/sys/phys-[eth1/47]/phys,trunk,,unknown,down,10G
topology/pod-1/node-1301/sys/phys-[eth1/48]/phys,trunk,,unknown,down,10G
topology/pod-1/node-1301/sys/phys-[eth1/49]/phys,trunk,,vlan-1,down,100G
topology/pod-1/node-1301/sys/phys-[eth1/50]/phys,trunk,,vlan-1,down,100G
topology/pod-1/node-1301/sys/phys-[eth1/51]/phys,trunk,,vlan-1,down,100G
topology/pod-1/node-1301/sys/phys-[eth1/52]/phys,trunk,,vlan-1,down,100G
topology/pod-1/node-1301/sys/phys-[eth1/53]/phys,trunk,,vlan-1,up,100G
topology/pod-1/node-1301/sys/phys-[eth1/54]/phys,trunk,,vlan-1,up,100G
topology/pod-1/node-1301/sys/phys-[eth1/1]/phys,trunk,17,vlan-17,up,10G
topology/pod-1/node-1301/sys/phys-[eth1/2]/phys,trunk,,unknown,down,10G
topology/pod-1/node-1301/sys/phys-[eth1/3]/phys,trunk,,unknown,down,10G
topology/pod-1/node-1301/sys/phys-[eth1/4]/phys,trunk,,unknown,down,10G
topology/pod-1/node-1301/sys/phys-[eth1/5]/phys,trunk,,unknown,down,10G
topology/pod-1/node-1301/sys/phys-[eth1/6]/phys,trunk,,unknown,down,10G
topology/pod-1/node-1301/sys/phys-[eth1/7]/phys,trunk,,unknown,down,10G
topology/pod-1/node-1301/sys/phys-[eth1/8]/phys,trunk,,unknown,down,10G
topology/pod-1/node-1301/sys/phys-[eth1/9]/phys,trunk,,unknown,down,10G
topology/pod-1/node-1301/sys/phys-[eth1/10]/phys,trunk,,unknown,down,10G
topology/pod-1/node-1301/sys/phys-[eth1/11]/phys,trunk,,unknown,down,10G
topology/pod-1/node-1301/sys/phys-[eth1/12]/phys,trunk,,unknown,down,10G
topology/pod-1/node-1301/sys/phys-[eth1/13]/phys,trunk,,unknown,down,10G
topology/pod-1/node-1301/sys/phys-[eth1/14]/phys,trunk,,unknown,down,10G
topology/pod-1/node-1301/sys/phys-[eth1/15]/phys,trunk,,unknown,down,10G
topology/pod-1/node-1301/sys/phys-[eth1/16]/phys,trunk,,unknown,down,10G
topology/pod-1/node-1301/sys/phys-[eth1/17]/phys,trunk,,unknown,down,10G
topology/pod-1/node-1301/sys/phys-[eth1/18]/phys,trunk,,unknown,down,10G
topology/pod-1/node-1301/sys/phys-[eth1/19]/phys,trunk,,unknown,down,10G
topology/pod-1/node-1301/sys/phys-[eth1/20]/phys,trunk,,unknown,down,10G
topology/pod-1/node-1301/sys/phys-[eth1/21]/phys,trunk,,unknown,down,10G
topology/pod-1/node-1301/sys/phys-[eth1/22]/phys,trunk,,unknown,down,10G
topology/pod-1/node-1301/sys/phys-[eth1/23]/phys,trunk,,unknown,down,10G
topology/pod-1/node-1301/sys/phys-[eth1/24]/phys,trunk,,unknown,down,10G
topology/pod-1/node-1301/sys/phys-[eth1/25]/phys,trunk,,unknown,down,10G
topology/pod-1/node-1301/sys/phys-[eth1/26]/phys,trunk,,unknown,down,10G
topology/pod-1/node-1301/sys/phys-[eth1/27]/phys,trunk,,unknown,down,10G
topology/pod-1/node-1301/sys/phys-[eth1/28]/phys,trunk,,unknown,down,10G
topology/pod-1/node-1301/sys/phys-[eth1/29]/phys,trunk,,unknown,down,10G
topology/pod-1/node-1301/sys/phys-[eth1/30]/phys,trunk,,unknown,down,10G
topology/pod-1/node-1301/sys/phys-[eth1/31]/phys,trunk,,unknown,down,10G
topology/pod-1/node-1301/sys/phys-[eth1/32]/phys,trunk,,unknown,down,10G
topology/pod-1/node-1302/sys/phys-[eth1/33]/phys,trunk,,unknown,down,10G
topology/pod-1/node-1302/sys/phys-[eth1/34]/phys,trunk,,unknown,down,10G
topology/pod-1/node-1302/sys/phys-[eth1/35]/phys,trunk,,unknown,down,10G
topology/pod-1/node-1302/sys/phys-[eth1/36]/phys,trunk,,unknown,down,10G
topology/pod-1/node-1302/sys/phys-[eth1/37]/phys,trunk,,unknown,down,10G
topology/pod-1/node-1302/sys/phys-[eth1/38]/phys,trunk,,unknown,down,10G
topology/pod-1/node-1302/sys/phys-[eth1/39]/phys,trunk,,unknown,down,10G
topology/pod-1/node-1302/sys/phys-[eth1/40]/phys,trunk,,unknown,down,10G
topology/pod-1/node-1302/sys/phys-[eth1/41]/phys,trunk,,unknown,down,10G
topology/pod-1/node-1302/sys/phys-[eth1/42]/phys,trunk,,unknown,down,10G
topology/pod-1/node-1302/sys/phys-[eth1/43]/phys,trunk,,unknown,down,10G
topology/pod-1/node-1302/sys/phys-[eth1/44]/phys,trunk,,unknown,down,10G
topology/pod-1/node-1302/sys/phys-[eth1/45]/phys,trunk,,unknown,down,10G
topology/pod-1/node-1302/sys/phys-[eth1/46]/phys,trunk,,unknown,down,10G
topology/pod-1/node-1302/sys/phys-[eth1/47]/phys,trunk,,unknown,down,10G
topology/pod-1/node-1302/sys/phys-[eth1/48]/phys,trunk,,unknown,down,10G
topology/pod-1/node-1302/sys/phys-[eth1/49]/phys,trunk,,vlan-1,down,100G
topology/pod-1/node-1302/sys/phys-[eth1/50]/phys,trunk,,vlan-1,down,100G
topology/pod-1/node-1302/sys/phys-[eth1/51]/phys,trunk,,vlan-1,down,100G
topology/pod-1/node-1302/sys/phys-[eth1/52]/phys,trunk,,vlan-1,down,100G
topology/pod-1/node-1302/sys/phys-[eth1/53]/phys,trunk,,vlan-1,up,100G
topology/pod-1/node-1302/sys/phys-[eth1/54]/phys,trunk,,vlan-1,up,100G
topology/pod-1/node-1302/sys/phys-[eth1/1]/phys,trunk,5,vlan-5,up,10G
topology/pod-1/node-1302/sys/phys-[eth1/2]/phys,trunk,,unknown,down,10G
topology/pod-1/node-1302/sys/phys-[eth1/3]/phys,trunk,,unknown,down,10G
topology/pod-1/node-1302/sys/phys-[eth1/4]/phys,trunk,,unknown,down,10G
topology/pod-1/node-1302/sys/phys-[eth1/5]/phys,trunk,,unknown,down,10G
topology/pod-1/node-1302/sys/phys-[eth1/6]/phys,trunk,,unknown,down,10G
topology/pod-1/node-1302/sys/phys-[eth1/7]/phys,trunk,,unknown,down,10G
topology/pod-1/node-1302/sys/phys-[eth1/8]/phys,trunk,,unknown,down,10G
topology/pod-1/node-1302/sys/phys-[eth1/9]/phys,trunk,,unknown,down,10G
topology/pod-1/node-1302/sys/phys-[eth1/10]/phys,trunk,,unknown,down,10G
topology/pod-1/node-1302/sys/phys-[eth1/11]/phys,trunk,,unknown,down,10G
topology/pod-1/node-1302/sys/phys-[eth1/12]/phys,trunk,,unknown,down,10G
topology/pod-1/node-1302/sys/phys-[eth1/13]/phys,trunk,,unknown,down,10G
topology/pod-1/node-1302/sys/phys-[eth1/14]/phys,trunk,,unknown,down,10G
topology/pod-1/node-1302/sys/phys-[eth1/15]/phys,trunk,,unknown,down,10G
topology/pod-1/node-1302/sys/phys-[eth1/16]/phys,trunk,,unknown,down,10G
topology/pod-1/node-1302/sys/phys-[eth1/17]/phys,trunk,,unknown,down,10G
topology/pod-1/node-1302/sys/phys-[eth1/18]/phys,trunk,,unknown,down,10G
topology/pod-1/node-1302/sys/phys-[eth1/19]/phys,trunk,,unknown,down,10G
topology/pod-1/node-1302/sys/phys-[eth1/20]/phys,trunk,,unknown,down,10G
topology/pod-1/node-1302/sys/phys-[eth1/21]/phys,trunk,,unknown,down,10G
topology/pod-1/node-1302/sys/phys-[eth1/22]/phys,trunk,,unknown,down,10G
topology/pod-1/node-1302/sys/phys-[eth1/23]/phys,trunk,,unknown,down,10G
topology/pod-1/node-1302/sys/phys-[eth1/24]/phys,trunk,,unknown,down,10G
topology/pod-1/node-1302/sys/phys-[eth1/25]/phys,trunk,,unknown,down,10G
topology/pod-1/node-1302/sys/phys-[eth1/26]/phys,trunk,,unknown,down,10G
topology/pod-1/node-1302/sys/phys-[eth1/27]/phys,trunk,,unknown,down,10G
topology/pod-1/node-1302/sys/phys-[eth1/28]/phys,trunk,,unknown,down,10G
topology/pod-1/node-1302/sys/phys-[eth1/29]/phys,trunk,,unknown,down,10G
topology/pod-1/node-1302/sys/phys-[eth1/30]/phys,trunk,,unknown,down,10G
topology/pod-1/node-1302/sys/phys-[eth1/31]/phys,trunk,,unknown,down,10G
topology/pod-1/node-1302/sys/phys-[eth1/32]/phys,trunk,,unknown,down,10G
topology/pod-1/node-1303/sys/phys-[eth1/33]/phys,trunk,"31-32,87-88,93-94",vlan-94,up,10G
topology/pod-1/node-1303/sys/phys-[eth1/34]/phys,trunk,"31-32,87-88,93-94",vlan-94,up,10G
topology/pod-1/node-1303/sys/phys-[eth1/35]/phys,trunk,5,vlan-5,up,10G
topology/pod-1/node-1303/sys/phys-[eth1/36]/phys,trunk,5,vlan-5,up,10G
topology/pod-1/node-1303/sys/phys-[eth1/37]/phys,trunk,,unknown,down,10G
topology/pod-1/node-1303/sys/phys-[eth1/38]/phys,trunk,,unknown,down,10G
topology/pod-1/node-1303/sys/phys-[eth1/39]/phys,trunk,,unknown,down,10G
topology/pod-1/node-1303/sys/phys-[eth1/40]/phys,trunk,,unknown,down,10G
topology/pod-1/node-1303/sys/phys-[eth1/41]/phys,trunk,,unknown,down,10G
topology/pod-1/node-1303/sys/phys-[eth1/42]/phys,trunk,,unknown,down,10G
topology/pod-1/node-1303/sys/phys-[eth1/43]/phys,trunk,,unknown,down,10G
topology/pod-1/node-1303/sys/phys-[eth1/44]/phys,trunk,,unknown,down,10G
topology/pod-1/node-1303/sys/phys-[eth1/45]/phys,trunk,,unknown,down,10G
topology/pod-1/node-1303/sys/phys-[eth1/46]/phys,trunk,,unknown,down,10G
topology/pod-1/node-1303/sys/phys-[eth1/47]/phys,trunk,,unknown,down,10G
topology/pod-1/node-1303/sys/phys-[eth1/48]/phys,trunk,,unknown,down,10G
topology/pod-1/node-1303/sys/phys-[eth1/49]/phys,trunk,,vlan-1,down,100G
topology/pod-1/node-1303/sys/phys-[eth1/50]/phys,trunk,,vlan-1,down,100G
topology/pod-1/node-1303/sys/phys-[eth1/51]/phys,trunk,,vlan-1,down,100G
topology/pod-1/node-1303/sys/phys-[eth1/52]/phys,trunk,,vlan-1,down,100G
topology/pod-1/node-1303/sys/phys-[eth1/53]/phys,trunk,,vlan-1,up,100G
topology/pod-1/node-1303/sys/phys-[eth1/54]/phys,trunk,,vlan-1,up,100G
topology/pod-1/node-1303/sys/phys-[eth1/1]/phys,trunk,"68,113-114",vlan-114,up,10G
topology/pod-1/node-1303/sys/phys-[eth1/2]/phys,trunk,"68,113-114",vlan-114,up,10G
topology/pod-1/node-1303/sys/phys-[eth1/3]/phys,trunk,"19-21,30,71-76,79-86,89-90",vlan-90,up,10G
topology/pod-1/node-1303/sys/phys-[eth1/4]/phys,trunk,"19-21,30,71-76,79-86,89-90",vlan-90,up,10G
topology/pod-1/node-1303/sys/phys-[eth1/5]/phys,trunk,"7-9,15-18,22-25,33-37,40-43,46-65,95-112",vlan-98,down,10G
topology/pod-1/node-1303/sys/phys-[eth1/6]/phys,trunk,"7-9,15-18,22-25,33-37,40-43,46-65,95-112",vlan-98,down,10G
topology/pod-1/node-1303/sys/phys-[eth1/7]/phys,trunk,"6,10,13-14,69-70,91-92",vlan-92,up,10G
topology/pod-1/node-1303/sys/phys-[eth1/8]/phys,trunk,"6,10,13-14,69-70,91-92",vlan-92,up,10G
topology/pod-1/node-1303/sys/phys-[eth1/9]/phys,trunk,15-18,vlan-18,up,10G
topology/pod-1/node-1303/sys/phys-[eth1/10]/phys,trunk,15-18,vlan-18,up,10G
topology/pod-1/node-1303/sys/phys-[eth1/11]/phys,trunk,15-18,vlan-18,up,10G
topology/pod-1/node-1303/sys/phys-[eth1/12]/phys,trunk,66,vlan-66,up,10G
topology/pod-1/node-1303/sys/phys-[eth1/13]/phys,trunk,66,vlan-66,up,10G
topology/pod-1/node-1303/sys/phys-[eth1/14]/phys,trunk,131-134,vlan-134,up,10G
topology/pod-1/node-1303/sys/phys-[eth1/15]/phys,trunk,22-25,vlan-23,down,10G
topology/pod-1/node-1303/sys/phys-[eth1/16]/phys,trunk,24-25,vlan-25,up,10G
topology/pod-1/node-1303/sys/phys-[eth1/17]/phys,trunk,22-25,vlan-23,up,10G
topology/pod-1/node-1303/sys/phys-[eth1/18]/phys,trunk,24-25,vlan-25,up,10G
topology/pod-1/node-1303/sys/phys-[eth1/19]/phys,trunk,24-25,vlan-25,up,10G
topology/pod-1/node-1303/sys/phys-[eth1/20]/phys,trunk,22-25,vlan-25,up,10G
topology/pod-1/node-1303/sys/phys-[eth1/21]/phys,trunk,22-25,vlan-25,up,10G
topology/pod-1/node-1303/sys/phys-[eth1/22]/phys,trunk,26-27,vlan-27,up,10G
topology/pod-1/node-1303/sys/phys-[eth1/23]/phys,trunk,28-29,vlan-29,up,10G
topology/pod-1/node-1303/sys/phys-[eth1/24]/phys,trunk,24-25,vlan-25,up,10G
topology/pod-1/node-1303/sys/phys-[eth1/25]/phys,trunk,26-27,vlan-27,up,10G
topology/pod-1/node-1303/sys/phys-[eth1/26]/phys,trunk,24-25,vlan-25,up,10G
topology/pod-1/node-1303/sys/phys-[eth1/27]/phys,trunk,"38-39,44-45,67,77-78,117-122,125-126,135-140",vlan-140,up,10G
topology/pod-1/node-1303/sys/phys-[eth1/28]/phys,trunk,"38-39,44-45,67,77-78,117-122,125-126,135-140",vlan-140,up,10G
topology/pod-1/node-1303/sys/phys-[eth1/29]/phys,trunk,"38-39,44-45,67,77-78,117-122,125-126,135-140",vlan-140,up,10G
topology/pod-1/node-1303/sys/phys-[eth1/30]/phys,trunk,"38-39,44-45,67,77-78,117-122,125-126,135-140",vlan-140,up,10G
topology/pod-1/node-1303/sys/phys-[eth1/31]/phys,trunk,"31-32,87-88,93-94",vlan-94,up,10G
topology/pod-1/node-1303/sys/phys-[eth1/32]/phys,trunk,"31-32,87-88,93-94",vlan-94,up,10G
topology/pod-1/node-1304/sys/phys-[eth1/33]/phys,trunk,"105-108,111-112",vlan-112,up,10G
topology/pod-1/node-1304/sys/phys-[eth1/34]/phys,trunk,"105-108,111-112",vlan-112,up,10G
topology/pod-1/node-1304/sys/phys-[eth1/35]/phys,trunk,5,vlan-5,up,10G
topology/pod-1/node-1304/sys/phys-[eth1/36]/phys,trunk,5,vlan-5,up,10G
topology/pod-1/node-1304/sys/phys-[eth1/37]/phys,trunk,,unknown,down,10G
topology/pod-1/node-1304/sys/phys-[eth1/38]/phys,trunk,,unknown,down,10G
topology/pod-1/node-1304/sys/phys-[eth1/39]/phys,trunk,,unknown,down,10G
topology/pod-1/node-1304/sys/phys-[eth1/40]/phys,trunk,,unknown,down,10G
topology/pod-1/node-1304/sys/phys-[eth1/41]/phys,trunk,,unknown,down,10G
topology/pod-1/node-1304/sys/phys-[eth1/42]/phys,trunk,,unknown,down,10G
topology/pod-1/node-1304/sys/phys-[eth1/43]/phys,trunk,,unknown,down,10G
topology/pod-1/node-1304/sys/phys-[eth1/44]/phys,trunk,,unknown,down,10G
topology/pod-1/node-1304/sys/phys-[eth1/45]/phys,trunk,,unknown,down,10G
topology/pod-1/node-1304/sys/phys-[eth1/46]/phys,trunk,,unknown,down,10G
topology/pod-1/node-1304/sys/phys-[eth1/47]/phys,trunk,,unknown,down,10G
topology/pod-1/node-1304/sys/phys-[eth1/48]/phys,trunk,,unknown,down,10G
topology/pod-1/node-1304/sys/phys-[eth1/49]/phys,trunk,,vlan-1,down,100G
topology/pod-1/node-1304/sys/phys-[eth1/50]/phys,trunk,,vlan-1,down,100G
topology/pod-1/node-1304/sys/phys-[eth1/51]/phys,trunk,,vlan-1,down,100G
topology/pod-1/node-1304/sys/phys-[eth1/52]/phys,trunk,,vlan-1,down,100G
topology/pod-1/node-1304/sys/phys-[eth1/53]/phys,trunk,,vlan-1,up,100G
topology/pod-1/node-1304/sys/phys-[eth1/54]/phys,trunk,,vlan-1,up,100G
topology/pod-1/node-1304/sys/phys-[eth1/1]/phys,trunk,"19-20,68",vlan-20,up,10G
topology/pod-1/node-1304/sys/phys-[eth1/2]/phys,trunk,"19-20,68",vlan-20,up,10G
topology/pod-1/node-1304/sys/phys-[eth1/3]/phys,trunk,"21,30-32,38-39,71-72,75-76,79-80,89-90,93-94,97-98,103-104",vlan-104,up,10G
topology/pod-1/node-1304/sys/phys-[eth1/4]/phys,trunk,"21,30-32,38-39,71-72,75-76,79-80,89-90,93-94,97-98,103-104",vlan-104,up,10G
topology/pod-1/node-1304/sys/phys-[eth1/5]/phys,trunk,"7-9,15-18,22-25,33-37,40-43,46-63,87-88,113-130",vlan-116,down,10G
topology/pod-1/node-1304/sys/phys-[eth1/6]/phys,trunk,"7-9,15-18,22-25,33-37,40-43,46-63,87-88,113-130",vlan-116,down,10G
topology/pod-1/node-1304/sys/phys-[eth1/7]/phys,trunk,"6,10,13-14,69-70,99-100",vlan-100,up,10G
topology/pod-1/node-1304/sys/phys-[eth1/8]/phys,trunk,"6,10,13-14,69-70,99-100",vlan-100,up,10G
topology/pod-1/node-1304/sys/phys-[eth1/9]/phys,trunk,15-18,vlan-18,up,10G
topology/pod-1/node-1304/sys/phys-[eth1/10]/phys,trunk,15-18,vlan-18,up,10G
topology/pod-1/node-1304/sys/phys-[eth1/11]/phys,trunk,15-18,vlan-18,up,10G
topology/pod-1/node-1304/sys/phys-[eth1/12]/phys,trunk,66,vlan-66,up,10G
topology/pod-1/node-1304/sys/phys-[eth1/13]/phys,trunk,66,vlan-66,up,10G
topology/pod-1/node-1304/sys/phys-[eth1/14]/phys,trunk,131-134,vlan-134,up,10G
topology/pod-1/node-1304/sys/phys-[eth1/15]/phys,trunk,22-25,vlan-23,down,10G
topology/pod-1/node-1304/sys/phys-[eth1/16]/phys,trunk,24-25,vlan-25,up,10G
topology/pod-1/node-1304/sys/phys-[eth1/17]/phys,trunk,22-25,vlan-23,up,10G
topology/pod-1/node-1304/sys/phys-[eth1/18]/phys,trunk,24-25,vlan-25,up,10G
topology/pod-1/node-1304/sys/phys-[eth1/19]/phys,trunk,24-25,vlan-25,up,10G
topology/pod-1/node-1304/sys/phys-[eth1/20]/phys,trunk,22-25,vlan-25,up,10G
topology/pod-1/node-1304/sys/phys-[eth1/21]/phys,trunk,22-25,vlan-25,up,10G
topology/pod-1/node-1304/sys/phys-[eth1/22]/phys,trunk,26-27,vlan-27,up,10G
topology/pod-1/node-1304/sys/phys-[eth1/23]/phys,trunk,28-29,vlan-29,up,10G
topology/pod-1/node-1304/sys/phys-[eth1/24]/phys,trunk,24-25,vlan-25,up,10G
topology/pod-1/node-1304/sys/phys-[eth1/25]/phys,trunk,26-27,vlan-27,up,10G
topology/pod-1/node-1304/sys/phys-[eth1/26]/phys,trunk,24-25,vlan-25,up,10G
topology/pod-1/node-1304/sys/phys-[eth1/27]/phys,trunk,"44-45,67,73-74,77-78,83-86,91-92,95-96,135-140",vlan-140,up,10G
topology/pod-1/node-1304/sys/phys-[eth1/28]/phys,trunk,"44-45,67,73-74,77-78,83-86,91-92,95-96,135-140",vlan-140,up,10G
topology/pod-1/node-1304/sys/phys-[eth1/29]/phys,trunk,"44-45,67,73-74,77-78,83-86,91-92,95-96,135-140",vlan-140,up,10G
topology/pod-1/node-1304/sys/phys-[eth1/30]/phys,trunk,"44-45,67,73-74,77-78,83-86,91-92,95-96,135-140",vlan-140,up,10G
topology/pod-1/node-1304/sys/phys-[eth1/31]/phys,trunk,"105-108,111-112",vlan-112,up,10G
topology/pod-1/node-1304/sys/phys-[eth1/32]/phys,trunk,"105-108,111-112",vlan-112,up,10G
topology/pod-1/node-1305/sys/phys-[eth1/33]/phys,trunk,40-41,vlan-41,up,1G
topology/pod-1/node-1305/sys/phys-[eth1/34]/phys,trunk,59-60,vlan-60,up,1G
topology/pod-1/node-1305/sys/phys-[eth1/35]/phys,trunk,59-60,vlan-60,up,1G
topology/pod-1/node-1305/sys/phys-[eth1/36]/phys,trunk,73-74,vlan-74,up,1G
topology/pod-1/node-1305/sys/phys-[eth1/37]/phys,trunk,15-16,vlan-16,up,1G
topology/pod-1/node-1305/sys/phys-[eth1/38]/phys,trunk,13-14,vlan-14,up,1G
topology/pod-1/node-1305/sys/phys-[eth1/39]/phys,trunk,55-56,vlan-56,up,100M
topology/pod-1/node-1305/sys/phys-[eth1/40]/phys,trunk,38-39,vlan-39,up,100M
topology/pod-1/node-1305/sys/phys-[eth1/41]/phys,trunk,"24,29",vlan-29,up,1G
topology/pod-1/node-1305/sys/phys-[eth1/42]/phys,trunk,"36,47",vlan-47,up,1G
topology/pod-1/node-1305/sys/phys-[eth1/43]/phys,trunk,"36,47",vlan-47,up,1G
topology/pod-1/node-1305/sys/phys-[eth1/44]/phys,trunk,"5,24,29,42-45,50",vlan-29,up,1G
topology/pod-1/node-1305/sys/phys-[eth1/45]/phys,trunk,73-76,vlan-74,up,1G
topology/pod-1/node-1305/sys/phys-[eth1/46]/phys,trunk,57-58,vlan-58,up,1G
topology/pod-1/node-1305/sys/phys-[eth1/47]/phys,trunk,51-56,vlan-56,up,1G
topology/pod-1/node-1305/sys/phys-[eth1/48]/phys,trunk,"20,28",vlan-28,up,1G
topology/pod-1/node-1305/sys/phys-[eth1/49]/phys,trunk,,vlan-1,down,100G
topology/pod-1/node-1305/sys/phys-[eth1/50]/phys,trunk,,vlan-1,down,100G
topology/pod-1/node-1305/sys/phys-[eth1/51]/phys,trunk,,vlan-1,down,100G
topology/pod-1/node-1305/sys/phys-[eth1/52]/phys,trunk,,vlan-1,down,100G
topology/pod-1/node-1305/sys/phys-[eth1/53]/phys,trunk,,vlan-1,up,100G
topology/pod-1/node-1305/sys/phys-[eth1/54]/phys,trunk,,vlan-1,up,100G
topology/pod-1/node-1305/sys/phys-[eth1/1]/phys,trunk,69-72,vlan-72,up,1G
topology/pod-1/node-1305/sys/phys-[eth1/2]/phys,trunk,69-70,vlan-70,up,100M
topology/pod-1/node-1305/sys/phys-[eth1/3]/phys,trunk,"37,62",vlan-62,up,1G
topology/pod-1/node-1305/sys/phys-[eth1/4]/phys,trunk,"37,62",vlan-62,up,1G
topology/pod-1/node-1305/sys/phys-[eth1/5]/phys,trunk,69-70,vlan-70,up,1G
topology/pod-1/node-1305/sys/phys-[eth1/6]/phys,trunk,71-72,vlan-72,up,1G
topology/pod-1/node-1305/sys/phys-[eth1/7]/phys,trunk,79-80,vlan-80,up,1G
topology/pod-1/node-1305/sys/phys-[eth1/8]/phys,trunk,40-41,vlan-41,up,1G
topology/pod-1/node-1305/sys/phys-[eth1/9]/phys,trunk,31-32,vlan-32,up,1G
topology/pod-1/node-1305/sys/phys-[eth1/10]/phys,trunk,31-32,vlan-32,up,1G
topology/pod-1/node-1305/sys/phys-[eth1/11]/phys,trunk,12-Nov,vlan-12,up,1G
topology/pod-1/node-1305/sys/phys-[eth1/12]/phys,trunk,"20,28",vlan-28,up,1G
topology/pod-1/node-1305/sys/phys-[eth1/13]/phys,trunk,17-18,vlan-18,up,1G
topology/pod-1/node-1305/sys/phys-[eth1/14]/phys,trunk,17-18,vlan-18,up,1G
topology/pod-1/node-1305/sys/phys-[eth1/15]/phys,trunk,"8,23,63-64",vlan-64,up,1G
topology/pod-1/node-1305/sys/phys-[eth1/16]/phys,trunk,"20,28",vlan-28,down,10G
topology/pod-1/node-1305/sys/phys-[eth1/17]/phys,trunk,"20,28",vlan-28,up,1G
topology/pod-1/node-1305/sys/phys-[eth1/18]/phys,trunk,42-43,vlan-43,up,1G
topology/pod-1/node-1305/sys/phys-[eth1/19]/phys,trunk,38-39,vlan-39,up,1G
topology/pod-1/node-1305/sys/phys-[eth1/20]/phys,trunk,21-22,vlan-22,up,1G
topology/pod-1/node-1305/sys/phys-[eth1/21]/phys,trunk,59-60,vlan-60,up,100M
topology/pod-1/node-1305/sys/phys-[eth1/22]/phys,trunk,25-26,vlan-26,up,1G
topology/pod-1/node-1305/sys/phys-[eth1/23]/phys,trunk,13-14,vlan-14,up,1G
topology/pod-1/node-1305/sys/phys-[eth1/24]/phys,trunk,77-78,vlan-78,up,1G
topology/pod-1/node-1305/sys/phys-[eth1/25]/phys,trunk,"30,33",vlan-33,up,1G
topology/pod-1/node-1305/sys/phys-[eth1/26]/phys,trunk,71-72,vlan-72,up,1G
topology/pod-1/node-1305/sys/phys-[eth1/27]/phys,trunk,"19,27",vlan-27,up,1G
topology/pod-1/node-1305/sys/phys-[eth1/28]/phys,trunk,"19,27",vlan-27,up,1G
topology/pod-1/node-1305/sys/phys-[eth1/29]/phys,trunk,"19,27",vlan-27,up,1G
topology/pod-1/node-1305/sys/phys-[eth1/30]/phys,trunk,7-Jun,vlan-7,up,1G
topology/pod-1/node-1305/sys/phys-[eth1/31]/phys,trunk,67-68,vlan-68,up,1G
topology/pod-1/node-1305/sys/phys-[eth1/32]/phys,trunk,34-35,vlan-35,up,1G
topology/pod-1/node-1306/sys/phys-[eth1/33]/phys,trunk,"10,27",vlan-27,up,1G
topology/pod-1/node-1306/sys/phys-[eth1/34]/phys,trunk,44-45,vlan-45,up,1G
topology/pod-1/node-1306/sys/phys-[eth1/35]/phys,trunk,"34,90",vlan-34,up,1G
topology/pod-1/node-1306/sys/phys-[eth1/36]/phys,trunk,"21,29",vlan-29,up,1G
topology/pod-1/node-1306/sys/phys-[eth1/37]/phys,trunk,15-16,vlan-16,up,1G
topology/pod-1/node-1306/sys/phys-[eth1/38]/phys,trunk,7-Jun,vlan-7,up,1G
topology/pod-1/node-1306/sys/phys-[eth1/39]/phys,trunk,13-Dec,vlan-13,up,1G
topology/pod-1/node-1306/sys/phys-[eth1/40]/phys,trunk,39-40,vlan-40,up,1G
topology/pod-1/node-1306/sys/phys-[eth1/41]/phys,trunk,"37,46",vlan-46,up,1G
topology/pod-1/node-1306/sys/phys-[eth1/42]/phys,trunk,"69,75",vlan-75,up,1G
topology/pod-1/node-1306/sys/phys-[eth1/43]/phys,trunk,"69,75",vlan-75,up,100M
topology/pod-1/node-1306/sys/phys-[eth1/44]/phys,trunk,"14,21,29,56-60",vlan-29,up,1G
topology/pod-1/node-1306/sys/phys-[eth1/45]/phys,trunk,"51,78-80",vlan-51,up,1G
topology/pod-1/node-1306/sys/phys-[eth1/46]/phys,trunk,"42,70",vlan-42,up,1G
topology/pod-1/node-1306/sys/phys-[eth1/47]/phys,trunk,"41,43,63-66",vlan-66,up,1G
topology/pod-1/node-1306/sys/phys-[eth1/48]/phys,trunk,"11,28",vlan-28,up,1G
topology/pod-1/node-1306/sys/phys-[eth1/49]/phys,trunk,,vlan-1,down,100G
topology/pod-1/node-1306/sys/phys-[eth1/50]/phys,trunk,,vlan-1,down,100G
topology/pod-1/node-1306/sys/phys-[eth1/51]/phys,trunk,,vlan-1,down,100G
topology/pod-1/node-1306/sys/phys-[eth1/52]/phys,trunk,,vlan-1,down,100G
topology/pod-1/node-1306/sys/phys-[eth1/53]/phys,trunk,,vlan-1,up,100G
topology/pod-1/node-1306/sys/phys-[eth1/54]/phys,trunk,,vlan-1,up,100G
topology/pod-1/node-1306/sys/phys-[eth1/1]/phys,trunk,"49-50,71-72",vlan-72,up,1G
topology/pod-1/node-1306/sys/phys-[eth1/2]/phys,trunk,49-50,vlan-50,up,100M
topology/pod-1/node-1306/sys/phys-[eth1/3]/phys,trunk,"67,84",vlan-84,up,1G
topology/pod-1/node-1306/sys/phys-[eth1/4]/phys,trunk,"67,84",vlan-84,down,1G
topology/pod-1/node-1306/sys/phys-[eth1/5]/phys,trunk,13-Dec,vlan-13,up,1G
topology/pod-1/node-1306/sys/phys-[eth1/6]/phys,trunk,"5,19",vlan-5,up,1G
topology/pod-1/node-1306/sys/phys-[eth1/7]/phys,trunk,"68,73",vlan-73,up,1G
topology/pod-1/node-1306/sys/phys-[eth1/8]/phys,trunk,47-48,vlan-48,up,1G
topology/pod-1/node-1306/sys/phys-[eth1/9]/phys,trunk,30-31,vlan-31,up,1G
topology/pod-1/node-1306/sys/phys-[eth1/10]/phys,trunk,30-31,vlan-31,up,1G
topology/pod-1/node-1306/sys/phys-[eth1/11]/phys,trunk,7-Jun,vlan-7,up,1G
topology/pod-1/node-1306/sys/phys-[eth1/12]/phys,trunk,"11,28",vlan-28,up,1G
topology/pod-1/node-1306/sys/phys-[eth1/13]/phys,trunk,"5,19",vlan-5,up,1G
topology/pod-1/node-1306/sys/phys-[eth1/14]/phys,trunk,"5,19",vlan-5,up,1G
topology/pod-1/node-1306/sys/phys-[eth1/15]/phys,trunk,"61-62,82-83",vlan-83,up,1G
topology/pod-1/node-1306/sys/phys-[eth1/16]/phys,trunk,"11,28",vlan-28,down,1G
topology/pod-1/node-1306/sys/phys-[eth1/17]/phys,trunk,"11,28",vlan-28,up,1G
topology/pod-1/node-1306/sys/phys-[eth1/18]/phys,trunk,54-55,vlan-55,up,1G
topology/pod-1/node-1306/sys/phys-[eth1/19]/phys,trunk,39-40,vlan-40,up,1G
topology/pod-1/node-1306/sys/phys-[eth1/20]/phys,trunk,13-Dec,vlan-13,up,1G
topology/pod-1/node-1306/sys/phys-[eth1/21]/phys,trunk,44-45,vlan-45,up,100M
topology/pod-1/node-1306/sys/phys-[eth1/22]/phys,trunk,23-24,vlan-24,up,1G
topology/pod-1/node-1306/sys/phys-[eth1/23]/phys,trunk,9-Aug,vlan-9,up,1G
topology/pod-1/node-1306/sys/phys-[eth1/24]/phys,trunk,76-77,vlan-77,up,1G
topology/pod-1/node-1306/sys/phys-[eth1/25]/phys,trunk,52-53,vlan-53,up,1G
topology/pod-1/node-1306/sys/phys-[eth1/26]/phys,trunk,71-72,vlan-72,up,1G
topology/pod-1/node-1306/sys/phys-[eth1/27]/phys,trunk,"18,26",vlan-26,up,100M
topology/pod-1/node-1306/sys/phys-[eth1/28]/phys,trunk,"18,26",vlan-26,up,1G
topology/pod-1/node-1306/sys/phys-[eth1/29]/phys,trunk,"18,26",vlan-26,up,1G
topology/pod-1/node-1306/sys/phys-[eth1/30]/phys,trunk,32-33,vlan-33,up,1G
topology/pod-1/node-1306/sys/phys-[eth1/31]/phys,trunk,"17,22,25,38",vlan-25,up,1G
topology/pod-1/node-1306/sys/phys-[eth1/32]/phys,trunk,35-36,vlan-36,up,1G
topology/pod-1/node-1401/sys/phys-[eth1/33]/phys,trunk,,unknown,down,10G
topology/pod-1/node-1401/sys/phys-[eth1/34]/phys,trunk,,unknown,down,10G
topology/pod-1/node-1401/sys/phys-[eth1/35]/phys,trunk,,unknown,down,10G
topology/pod-1/node-1401/sys/phys-[eth1/36]/phys,trunk,,unknown,down,10G
topology/pod-1/node-1401/sys/phys-[eth1/37]/phys,trunk,,unknown,down,10G
topology/pod-1/node-1401/sys/phys-[eth1/38]/phys,trunk,,unknown,down,10G
topology/pod-1/node-1401/sys/phys-[eth1/39]/phys,trunk,,unknown,down,10G
topology/pod-1/node-1401/sys/phys-[eth1/40]/phys,trunk,,unknown,down,10G
topology/pod-1/node-1401/sys/phys-[eth1/41]/phys,trunk,,unknown,down,10G
topology/pod-1/node-1401/sys/phys-[eth1/42]/phys,trunk,,unknown,down,10G
topology/pod-1/node-1401/sys/phys-[eth1/43]/phys,trunk,,unknown,down,10G
topology/pod-1/node-1401/sys/phys-[eth1/44]/phys,trunk,,unknown,down,10G
topology/pod-1/node-1401/sys/phys-[eth1/45]/phys,trunk,,unknown,down,10G
topology/pod-1/node-1401/sys/phys-[eth1/46]/phys,trunk,,unknown,down,10G
topology/pod-1/node-1401/sys/phys-[eth1/47]/phys,trunk,,unknown,down,10G
topology/pod-1/node-1401/sys/phys-[eth1/48]/phys,trunk,,unknown,down,10G
topology/pod-1/node-1401/sys/phys-[eth1/49]/phys,trunk,,vlan-1,down,100G
topology/pod-1/node-1401/sys/phys-[eth1/50]/phys,trunk,,vlan-1,down,100G
topology/pod-1/node-1401/sys/phys-[eth1/51]/phys,trunk,,vlan-1,down,100G
topology/pod-1/node-1401/sys/phys-[eth1/52]/phys,trunk,,vlan-1,down,100G
topology/pod-1/node-1401/sys/phys-[eth1/53]/phys,trunk,,vlan-1,up,100G
topology/pod-1/node-1401/sys/phys-[eth1/54]/phys,trunk,,vlan-1,up,100G
topology/pod-1/node-1401/sys/phys-[eth1/1]/phys,trunk,15-16,vlan-16,up,10G
topology/pod-1/node-1401/sys/phys-[eth1/2]/phys,trunk,15-16,vlan-16,up,10G
topology/pod-1/node-1401/sys/phys-[eth1/3]/phys,trunk,17,vlan-17,up,10G
topology/pod-1/node-1401/sys/phys-[eth1/4]/phys,trunk,17,vlan-17,up,10G
topology/pod-1/node-1401/sys/phys-[eth1/5]/phys,trunk,18,vlan-18,up,10G
topology/pod-1/node-1401/sys/phys-[eth1/6]/phys,trunk,18,vlan-18,up,10G
topology/pod-1/node-1401/sys/phys-[eth1/7]/phys,trunk,"21-22,39-40",vlan-40,up,10G
topology/pod-1/node-1401/sys/phys-[eth1/8]/phys,trunk,"21-22,39-40",vlan-40,up,10G
topology/pod-1/node-1401/sys/phys-[eth1/9]/phys,trunk,37-38,vlan-38,up,10G
topology/pod-1/node-1401/sys/phys-[eth1/10]/phys,trunk,"5-6,19-20,23-36,41-42,45-50",vlan-20,up,10G
topology/pod-1/node-1401/sys/phys-[eth1/11]/phys,trunk,"5-6,19-20,23-36,41-42,45-50",vlan-20,up,10G
topology/pod-1/node-1401/sys/phys-[eth1/12]/phys,trunk,"5-6,19-20,25-26,29-30,35-36,47-50",vlan-26,up,10G
topology/pod-1/node-1401/sys/phys-[eth1/13]/phys,trunk,"5-6,19-20,25-26,29-30,35-36,47-50",vlan-26,up,10G
topology/pod-1/node-1401/sys/phys-[eth1/14]/phys,trunk,"5-6,19-20,23-36,41-42,45-50",vlan-20,up,10G
topology/pod-1/node-1401/sys/phys-[eth1/15]/phys,trunk,"5-6,19-20,23-36,41-42,45-50",vlan-20,up,10G
topology/pod-1/node-1401/sys/phys-[eth1/16]/phys,trunk,,unknown,down,10G
topology/pod-1/node-1401/sys/phys-[eth1/17]/phys,trunk,,unknown,down,10G
topology/pod-1/node-1401/sys/phys-[eth1/18]/phys,trunk,,unknown,down,10G
topology/pod-1/node-1401/sys/phys-[eth1/19]/phys,trunk,,unknown,down,10G
topology/pod-1/node-1401/sys/phys-[eth1/20]/phys,trunk,,unknown,down,10G
topology/pod-1/node-1401/sys/phys-[eth1/21]/phys,trunk,,unknown,down,10G
topology/pod-1/node-1401/sys/phys-[eth1/22]/phys,trunk,,unknown,down,10G
topology/pod-1/node-1401/sys/phys-[eth1/23]/phys,trunk,,unknown,down,10G
topology/pod-1/node-1401/sys/phys-[eth1/24]/phys,trunk,,unknown,down,10G
topology/pod-1/node-1401/sys/phys-[eth1/25]/phys,trunk,,unknown,down,10G
topology/pod-1/node-1401/sys/phys-[eth1/26]/phys,trunk,,unknown,down,10G
topology/pod-1/node-1401/sys/phys-[eth1/27]/phys,trunk,,unknown,down,10G
topology/pod-1/node-1401/sys/phys-[eth1/28]/phys,trunk,,unknown,down,10G
topology/pod-1/node-1401/sys/phys-[eth1/29]/phys,trunk,,unknown,down,10G
topology/pod-1/node-1401/sys/phys-[eth1/30]/phys,trunk,,unknown,down,10G
topology/pod-1/node-1401/sys/phys-[eth1/31]/phys,trunk,,unknown,down,10G
topology/pod-1/node-1401/sys/phys-[eth1/32]/phys,trunk,,unknown,down,10G
topology/pod-1/node-1402/sys/phys-[eth1/33]/phys,trunk,,unknown,down,10G
topology/pod-1/node-1402/sys/phys-[eth1/34]/phys,trunk,,unknown,down,10G
topology/pod-1/node-1402/sys/phys-[eth1/35]/phys,trunk,,unknown,down,10G
topology/pod-1/node-1402/sys/phys-[eth1/36]/phys,trunk,,unknown,down,10G
topology/pod-1/node-1402/sys/phys-[eth1/37]/phys,trunk,,unknown,down,10G
topology/pod-1/node-1402/sys/phys-[eth1/38]/phys,trunk,,unknown,down,10G
topology/pod-1/node-1402/sys/phys-[eth1/39]/phys,trunk,,unknown,down,10G
topology/pod-1/node-1402/sys/phys-[eth1/40]/phys,trunk,,unknown,down,10G
topology/pod-1/node-1402/sys/phys-[eth1/41]/phys,trunk,,unknown,down,10G
topology/pod-1/node-1402/sys/phys-[eth1/42]/phys,trunk,,unknown,down,10G
topology/pod-1/node-1402/sys/phys-[eth1/43]/phys,trunk,,unknown,down,10G
topology/pod-1/node-1402/sys/phys-[eth1/44]/phys,trunk,,unknown,down,10G
topology/pod-1/node-1402/sys/phys-[eth1/45]/phys,trunk,,unknown,down,10G
topology/pod-1/node-1402/sys/phys-[eth1/46]/phys,trunk,,unknown,down,10G
topology/pod-1/node-1402/sys/phys-[eth1/47]/phys,trunk,,unknown,down,10G
topology/pod-1/node-1402/sys/phys-[eth1/48]/phys,trunk,,unknown,down,10G
topology/pod-1/node-1402/sys/phys-[eth1/49]/phys,trunk,,vlan-1,down,100G
topology/pod-1/node-1402/sys/phys-[eth1/50]/phys,trunk,,vlan-1,down,100G
topology/pod-1/node-1402/sys/phys-[eth1/51]/phys,trunk,,vlan-1,down,100G
topology/pod-1/node-1402/sys/phys-[eth1/52]/phys,trunk,,vlan-1,down,100G
topology/pod-1/node-1402/sys/phys-[eth1/53]/phys,trunk,,vlan-1,up,100G
topology/pod-1/node-1402/sys/phys-[eth1/54]/phys,trunk,,vlan-1,up,100G
topology/pod-1/node-1402/sys/phys-[eth1/1]/phys,trunk,15-16,vlan-16,up,10G
topology/pod-1/node-1402/sys/phys-[eth1/2]/phys,trunk,15-16,vlan-16,up,10G
topology/pod-1/node-1402/sys/phys-[eth1/3]/phys,trunk,17,vlan-17,up,10G
topology/pod-1/node-1402/sys/phys-[eth1/4]/phys,trunk,17,vlan-17,up,10G
topology/pod-1/node-1402/sys/phys-[eth1/5]/phys,trunk,18,vlan-18,up,10G
topology/pod-1/node-1402/sys/phys-[eth1/6]/phys,trunk,18,vlan-18,up,10G
topology/pod-1/node-1402/sys/phys-[eth1/7]/phys,trunk,"21-22,39-40",vlan-40,up,10G
topology/pod-1/node-1402/sys/phys-[eth1/8]/phys,trunk,"21-22,39-40",vlan-40,up,10G
topology/pod-1/node-1402/sys/phys-[eth1/9]/phys,trunk,37-38,vlan-38,up,10G
topology/pod-1/node-1402/sys/phys-[eth1/10]/phys,trunk,"5-6,19-20,23-36,41-42,45-50",vlan-20,up,10G
topology/pod-1/node-1402/sys/phys-[eth1/11]/phys,trunk,"5-6,19-20,23-36,41-42,45-50",vlan-20,up,10G
topology/pod-1/node-1402/sys/phys-[eth1/12]/phys,trunk,"5-6,19-20,25-26,29-30,35-36,47-50",vlan-26,up,10G
topology/pod-1/node-1402/sys/phys-[eth1/13]/phys,trunk,"5-6,19-20,25-26,29-30,35-36,47-50",vlan-26,up,10G
topology/pod-1/node-1402/sys/phys-[eth1/14]/phys,trunk,"5-6,19-20,23-36,41-42,45-50",vlan-20,up,10G
topology/pod-1/node-1402/sys/phys-[eth1/15]/phys,trunk,"5-6,19-20,23-36,41-42,45-50",vlan-20,up,10G
topology/pod-1/node-1402/sys/phys-[eth1/16]/phys,trunk,,unknown,down,10G
topology/pod-1/node-1402/sys/phys-[eth1/17]/phys,trunk,,unknown,down,10G
topology/pod-1/node-1402/sys/phys-[eth1/18]/phys,trunk,,unknown,down,10G
topology/pod-1/node-1402/sys/phys-[eth1/19]/phys,trunk,,unknown,down,10G
topology/pod-1/node-1402/sys/phys-[eth1/20]/phys,trunk,,unknown,down,10G
topology/pod-1/node-1402/sys/phys-[eth1/21]/phys,trunk,,unknown,down,10G
topology/pod-1/node-1402/sys/phys-[eth1/22]/phys,trunk,,unknown,down,10G
topology/pod-1/node-1402/sys/phys-[eth1/23]/phys,trunk,,unknown,down,10G
topology/pod-1/node-1402/sys/phys-[eth1/24]/phys,trunk,,unknown,down,10G
topology/pod-1/node-1402/sys/phys-[eth1/25]/phys,trunk,,unknown,down,10G
topology/pod-1/node-1402/sys/phys-[eth1/26]/phys,trunk,,unknown,down,10G
topology/pod-1/node-1402/sys/phys-[eth1/27]/phys,trunk,,unknown,down,10G
topology/pod-1/node-1402/sys/phys-[eth1/28]/phys,trunk,,unknown,down,10G
topology/pod-1/node-1402/sys/phys-[eth1/29]/phys,trunk,,unknown,down,10G
topology/pod-1/node-1402/sys/phys-[eth1/30]/phys,trunk,,unknown,down,10G
topology/pod-1/node-1402/sys/phys-[eth1/31]/phys,trunk,,unknown,down,10G
topology/pod-1/node-1402/sys/phys-[eth1/32]/phys,trunk,,unknown,down,10G
topology/pod-1/node-1403/sys/phys-[eth1/33]/phys,trunk,,unknown,down,10G
topology/pod-1/node-1403/sys/phys-[eth1/34]/phys,trunk,,unknown,down,10G
topology/pod-1/node-1403/sys/phys-[eth1/35]/phys,trunk,,unknown,down,10G
topology/pod-1/node-1403/sys/phys-[eth1/36]/phys,trunk,,unknown,down,10G
topology/pod-1/node-1403/sys/phys-[eth1/37]/phys,trunk,,unknown,down,10G
topology/pod-1/node-1403/sys/phys-[eth1/38]/phys,trunk,,unknown,down,10G
topology/pod-1/node-1403/sys/phys-[eth1/39]/phys,trunk,,unknown,down,10G
topology/pod-1/node-1403/sys/phys-[eth1/40]/phys,trunk,,unknown,down,10G
topology/pod-1/node-1403/sys/phys-[eth1/41]/phys,trunk,,unknown,down,10G
topology/pod-1/node-1403/sys/phys-[eth1/42]/phys,trunk,,unknown,down,10G
topology/pod-1/node-1403/sys/phys-[eth1/43]/phys,trunk,,unknown,down,10G
topology/pod-1/node-1403/sys/phys-[eth1/44]/phys,trunk,,unknown,down,10G
topology/pod-1/node-1403/sys/phys-[eth1/45]/phys,trunk,,unknown,down,10G
topology/pod-1/node-1403/sys/phys-[eth1/46]/phys,trunk,,unknown,down,10G
topology/pod-1/node-1403/sys/phys-[eth1/47]/phys,trunk,,unknown,down,10G
topology/pod-1/node-1403/sys/phys-[eth1/48]/phys,trunk,,unknown,down,10G
topology/pod-1/node-1403/sys/phys-[eth1/49]/phys,trunk,,vlan-1,down,100G
topology/pod-1/node-1403/sys/phys-[eth1/50]/phys,trunk,,vlan-1,down,100G
topology/pod-1/node-1403/sys/phys-[eth1/51]/phys,trunk,,vlan-1,down,100G
topology/pod-1/node-1403/sys/phys-[eth1/52]/phys,trunk,,vlan-1,down,100G
topology/pod-1/node-1403/sys/phys-[eth1/53]/phys,trunk,,vlan-1,up,100G
topology/pod-1/node-1403/sys/phys-[eth1/54]/phys,trunk,,vlan-1,up,100G
topology/pod-1/node-1403/sys/phys-[eth1/1]/phys,trunk,16-17,vlan-17,up,1G
topology/pod-1/node-1403/sys/phys-[eth1/2]/phys,trunk,9-Aug,vlan-9,down,10G
topology/pod-1/node-1403/sys/phys-[eth1/3]/phys,trunk,"10,13",vlan-13,up,1G
topology/pod-1/node-1403/sys/phys-[eth1/4]/phys,trunk,18,vlan-18,up,1G
topology/pod-1/node-1403/sys/phys-[eth1/5]/phys,trunk,18,vlan-18,up,1G
topology/pod-1/node-1403/sys/phys-[eth1/6]/phys,trunk,21-22,vlan-22,up,1G
topology/pod-1/node-1403/sys/phys-[eth1/7]/phys,trunk,28,vlan-28,up,1G
topology/pod-1/node-1403/sys/phys-[eth1/8]/phys,trunk,23-26,vlan-26,up,1G
topology/pod-1/node-1403/sys/phys-[eth1/9]/phys,trunk,29,vlan-29,up,1G
topology/pod-1/node-1403/sys/phys-[eth1/10]/phys,trunk,29,vlan-29,down,1G
topology/pod-1/node-1403/sys/phys-[eth1/11]/phys,trunk,,unknown,down,10G
topology/pod-1/node-1403/sys/phys-[eth1/12]/phys,trunk,,unknown,down,10G
topology/pod-1/node-1403/sys/phys-[eth1/13]/phys,trunk,,unknown,down,10G
topology/pod-1/node-1403/sys/phys-[eth1/14]/phys,trunk,,unknown,down,10G
topology/pod-1/node-1403/sys/phys-[eth1/15]/phys,trunk,,unknown,down,10G
topology/pod-1/node-1403/sys/phys-[eth1/16]/phys,trunk,,unknown,down,10G
topology/pod-1/node-1403/sys/phys-[eth1/17]/phys,trunk,,unknown,down,10G
topology/pod-1/node-1403/sys/phys-[eth1/18]/phys,trunk,,unknown,down,10G
topology/pod-1/node-1403/sys/phys-[eth1/19]/phys,trunk,,unknown,down,10G
topology/pod-1/node-1403/sys/phys-[eth1/20]/phys,trunk,,unknown,down,10G
topology/pod-1/node-1403/sys/phys-[eth1/21]/phys,trunk,,unknown,down,10G
topology/pod-1/node-1403/sys/phys-[eth1/22]/phys,trunk,,unknown,down,10G
topology/pod-1/node-1403/sys/phys-[eth1/23]/phys,trunk,,unknown,down,10G
topology/pod-1/node-1403/sys/phys-[eth1/24]/phys,trunk,,unknown,down,10G
topology/pod-1/node-1403/sys/phys-[eth1/25]/phys,trunk,,unknown,down,10G
topology/pod-1/node-1403/sys/phys-[eth1/26]/phys,trunk,,unknown,down,10G
topology/pod-1/node-1403/sys/phys-[eth1/27]/phys,trunk,,unknown,down,10G
topology/pod-1/node-1403/sys/phys-[eth1/28]/phys,trunk,,unknown,down,10G
topology/pod-1/node-1403/sys/phys-[eth1/29]/phys,trunk,,unknown,down,10G
topology/pod-1/node-1403/sys/phys-[eth1/30]/phys,trunk,,unknown,down,10G
topology/pod-1/node-1403/sys/phys-[eth1/31]/phys,trunk,,unknown,down,10G
topology/pod-1/node-1403/sys/phys-[eth1/32]/phys,trunk,,unknown,down,10G
topology/pod-1/node-1404/sys/phys-[eth1/33]/phys,trunk,,unknown,down,10G
topology/pod-1/node-1404/sys/phys-[eth1/34]/phys,trunk,,unknown,down,10G
topology/pod-1/node-1404/sys/phys-[eth1/35]/phys,trunk,,unknown,down,10G
topology/pod-1/node-1404/sys/phys-[eth1/36]/phys,trunk,,unknown,down,10G
topology/pod-1/node-1404/sys/phys-[eth1/37]/phys,trunk,,unknown,down,10G
topology/pod-1/node-1404/sys/phys-[eth1/38]/phys,trunk,,unknown,down,10G
topology/pod-1/node-1404/sys/phys-[eth1/39]/phys,trunk,,unknown,down,10G
topology/pod-1/node-1404/sys/phys-[eth1/40]/phys,trunk,,unknown,down,10G
topology/pod-1/node-1404/sys/phys-[eth1/41]/phys,trunk,,unknown,down,10G
topology/pod-1/node-1404/sys/phys-[eth1/42]/phys,trunk,,unknown,down,10G
topology/pod-1/node-1404/sys/phys-[eth1/43]/phys,trunk,,unknown,down,10G
topology/pod-1/node-1404/sys/phys-[eth1/44]/phys,trunk,,unknown,down,10G
topology/pod-1/node-1404/sys/phys-[eth1/45]/phys,trunk,,unknown,down,10G
topology/pod-1/node-1404/sys/phys-[eth1/46]/phys,trunk,,unknown,down,10G
topology/pod-1/node-1404/sys/phys-[eth1/47]/phys,trunk,,unknown,down,10G
topology/pod-1/node-1404/sys/phys-[eth1/48]/phys,trunk,,unknown,down,10G
topology/pod-1/node-1404/sys/phys-[eth1/49]/phys,trunk,,vlan-1,down,100G
topology/pod-1/node-1404/sys/phys-[eth1/50]/phys,trunk,,vlan-1,down,100G
topology/pod-1/node-1404/sys/phys-[eth1/51]/phys,trunk,,vlan-1,down,100G
topology/pod-1/node-1404/sys/phys-[eth1/52]/phys,trunk,,vlan-1,down,100G
topology/pod-1/node-1404/sys/phys-[eth1/53]/phys,trunk,,vlan-1,up,100G
topology/pod-1/node-1404/sys/phys-[eth1/54]/phys,trunk,,vlan-1,up,100G
topology/pod-1/node-1404/sys/phys-[eth1/1]/phys,trunk,16-17,vlan-17,up,1G
topology/pod-1/node-1404/sys/phys-[eth1/2]/phys,trunk,9-Aug,vlan-9,down,10G
topology/pod-1/node-1404/sys/phys-[eth1/3]/phys,trunk,11-Oct,vlan-11,up,1G
topology/pod-1/node-1404/sys/phys-[eth1/4]/phys,trunk,18,vlan-18,up,1G
topology/pod-1/node-1404/sys/phys-[eth1/5]/phys,trunk,18,vlan-18,up,1G
topology/pod-1/node-1404/sys/phys-[eth1/6]/phys,trunk,21-22,vlan-22,up,1G
topology/pod-1/node-1404/sys/phys-[eth1/7]/phys,trunk,28,vlan-28,up,1G
topology/pod-1/node-1404/sys/phys-[eth1/8]/phys,trunk,23-26,vlan-26,up,1G
topology/pod-1/node-1404/sys/phys-[eth1/9]/phys,trunk,29,vlan-29,down,10G
topology/pod-1/node-1404/sys/phys-[eth1/10]/phys,trunk,29,vlan-29,down,1G
topology/pod-1/node-1404/sys/phys-[eth1/11]/phys,trunk,,unknown,down,10G
topology/pod-1/node-1404/sys/phys-[eth1/12]/phys,trunk,,unknown,down,10G
topology/pod-1/node-1404/sys/phys-[eth1/13]/phys,trunk,,unknown,down,10G
topology/pod-1/node-1404/sys/phys-[eth1/14]/phys,trunk,,unknown,down,10G
topology/pod-1/node-1404/sys/phys-[eth1/15]/phys,trunk,,unknown,down,10G
topology/pod-1/node-1404/sys/phys-[eth1/16]/phys,trunk,,unknown,down,10G
topology/pod-1/node-1404/sys/phys-[eth1/17]/phys,trunk,,unknown,down,10G
topology/pod-1/node-1404/sys/phys-[eth1/18]/phys,trunk,,unknown,down,10G
topology/pod-1/node-1404/sys/phys-[eth1/19]/phys,trunk,,unknown,down,10G
topology/pod-1/node-1404/sys/phys-[eth1/20]/phys,trunk,,unknown,down,10G
topology/pod-1/node-1404/sys/phys-[eth1/21]/phys,trunk,,unknown,down,10G
topology/pod-1/node-1404/sys/phys-[eth1/22]/phys,trunk,,unknown,down,10G
topology/pod-1/node-1404/sys/phys-[eth1/23]/phys,trunk,,unknown,down,10G
topology/pod-1/node-1404/sys/phys-[eth1/24]/phys,trunk,,unknown,down,10G
topology/pod-1/node-1404/sys/phys-[eth1/25]/phys,trunk,,unknown,down,10G
topology/pod-1/node-1404/sys/phys-[eth1/26]/phys,trunk,,unknown,down,10G
topology/pod-1/node-1404/sys/phys-[eth1/27]/phys,trunk,,unknown,down,10G
topology/pod-1/node-1404/sys/phys-[eth1/28]/phys,trunk,,unknown,down,10G
topology/pod-1/node-1404/sys/phys-[eth1/29]/phys,trunk,,unknown,down,10G
topology/pod-1/node-1404/sys/phys-[eth1/30]/phys,trunk,,unknown,down,10G
topology/pod-1/node-1404/sys/phys-[eth1/31]/phys,trunk,,unknown,down,10G
topology/pod-1/node-1404/sys/phys-[eth1/32]/phys,trunk,,unknown,down,10G
